manifest,subject,content_type,item_id,file_path,lesson,tags,status
runtime-data,biology-1,subject-summary,biology-1,,,lessons=14|notes=14|questions=168|assets=0|tags=466,MATCHED
runtime-data,biology-1,lesson,biology-1-chemistry-of-life,,chemistry-of-life,,MATCHED
runtime-data,biology-1,lesson,biology-1-biomolecules,,biomolecules,,MATCHED
runtime-data,biology-1,lesson,biology-1-cell-structure,,cell-structure,,MATCHED
runtime-data,biology-1,lesson,biology-1-membranes-and-transport,,membranes-and-transport,,MATCHED
runtime-data,biology-1,lesson,biology-1-cell-signaling-and-communication,,cell-signaling-and-communication,,MATCHED
runtime-data,biology-1,lesson,biology-1-energy-and-metabolism-basics,,energy-and-metabolism-basics,,MATCHED
runtime-data,biology-1,lesson,biology-1-cellular-respiration,,cellular-respiration,,MATCHED
runtime-data,biology-1,lesson,biology-1-photosynthesis,,photosynthesis,,MATCHED
runtime-data,biology-1,lesson,biology-1-cell-cycle-and-division,,cell-cycle-and-division,,MATCHED
runtime-data,biology-1,lesson,biology-1-meiosis-and-sexual-reproduction,,meiosis-and-sexual-reproduction,,MATCHED
runtime-data,biology-1,lesson,biology-1-mendelian-and-classical-genetics,,mendelian-and-classical-genetics,,MATCHED
runtime-data,biology-1,lesson,biology-1-molecular-genetics,,molecular-genetics,,MATCHED
runtime-data,biology-1,lesson,biology-1-biotechnology,,biotechnology,,MATCHED
runtime-data,biology-1,lesson,biology-1-evolution-fundamentals,,evolution-fundamentals,,MATCHED
runtime-data,biology-1,note,biology-1-chemistry-of-life,content/biology-1/notes/biology-1-chemistry-of-life.md,chemistry-of-life,chemistry|life,MATCHED
runtime-data,biology-1,note,biology-1-biomolecules,content/biology-1/notes/biology-1-biomolecules.md,biomolecules,biomolecules,MATCHED
runtime-data,biology-1,note,biology-1-cell-structure,content/biology-1/notes/biology-1-cell-structure.md,cell-structure,cell|structure,MATCHED
runtime-data,biology-1,note,biology-1-membranes-and-transport,content/biology-1/notes/biology-1-membranes-and-transport.md,membranes-and-transport,membranes|transport,MATCHED
runtime-data,biology-1,note,biology-1-cell-signaling-and-communication,content/biology-1/notes/biology-1-cell-signaling-and-communication.md,cell-signaling-and-communication,cell|signaling|communication,MATCHED
runtime-data,biology-1,note,biology-1-energy-and-metabolism-basics,content/biology-1/notes/biology-1-energy-and-metabolism-basics.md,energy-and-metabolism-basics,energy|metabolism,MATCHED
runtime-data,biology-1,note,biology-1-cellular-respiration,content/biology-1/notes/biology-1-cellular-respiration.md,cellular-respiration,cellular|respiration,MATCHED
runtime-data,biology-1,note,biology-1-photosynthesis,content/biology-1/notes/biology-1-photosynthesis.md,photosynthesis,photosynthesis,MATCHED
runtime-data,biology-1,note,biology-1-cell-cycle-and-division,content/biology-1/notes/biology-1-cell-cycle-and-division.md,cell-cycle-and-division,cell|cycle|division,MATCHED
runtime-data,biology-1,note,biology-1-meiosis-and-sexual-reproduction,content/biology-1/notes/biology-1-meiosis-and-sexual-reproduction.md,meiosis-and-sexual-reproduction,meiosis|sexual|reproduction,MATCHED
runtime-data,biology-1,note,biology-1-mendelian-and-classical-genetics,content/biology-1/notes/biology-1-mendelian-and-classical-genetics.md,mendelian-and-classical-genetics,mendelian|classical|genetics,MATCHED
runtime-data,biology-1,note,biology-1-molecular-genetics,content/biology-1/notes/biology-1-molecular-genetics.md,molecular-genetics,molecular|genetics,MATCHED
runtime-data,biology-1,note,biology-1-biotechnology,content/biology-1/notes/biology-1-biotechnology.md,biotechnology,biotechnology,MATCHED
runtime-data,biology-1,note,biology-1-evolution-fundamentals,content/biology-1/notes/biology-1-evolution-fundamentals.md,evolution-fundamentals,evolution|fundamentals,MATCHED
runtime-data,biology-1,question,biology-1-chemistry-of-life-0001,content/biology-1/questions/biology-1-chemistry-of-life-0001.json,chemistry-of-life,subatomic|particles|atomic|number,MATCHED
runtime-data,biology-1,question,biology-1-chemistry-of-life-0002,content/biology-1/questions/biology-1-chemistry-of-life-0002.json,chemistry-of-life,isotopes|mass|number,MATCHED
runtime-data,biology-1,question,biology-1-chemistry-of-life-0003,content/biology-1/questions/biology-1-chemistry-of-life-0003.json,chemistry-of-life,electron|shells|octet|rule,MATCHED
runtime-data,biology-1,question,biology-1-chemistry-of-life-0004,content/biology-1/questions/biology-1-chemistry-of-life-0004.json,chemistry-of-life,ionic|bond|formation,MATCHED
runtime-data,biology-1,question,biology-1-chemistry-of-life-0005,content/biology-1/questions/biology-1-chemistry-of-life-0005.json,chemistry-of-life,electronegativity|polar|covalent|bonds,MATCHED
runtime-data,biology-1,question,biology-1-chemistry-of-life-0006,content/biology-1/questions/biology-1-chemistry-of-life-0006.json,chemistry-of-life,cohesion|adhesion,MATCHED
runtime-data,biology-1,question,biology-1-chemistry-of-life-0007,content/biology-1/questions/biology-1-chemistry-of-life-0007.json,chemistry-of-life,ice|density|hydrogen|bonds,MATCHED
runtime-data,biology-1,question,biology-1-chemistry-of-life-0008,content/biology-1/questions/biology-1-chemistry-of-life-0008.json,chemistry-of-life,specific|heat|water,MATCHED
runtime-data,biology-1,question,biology-1-chemistry-of-life-0009,content/biology-1/questions/biology-1-chemistry-of-life-0009.json,chemistry-of-life,ph|scale|powers|ten,MATCHED
runtime-data,biology-1,question,biology-1-chemistry-of-life-0010,content/biology-1/questions/biology-1-chemistry-of-life-0010.json,chemistry-of-life,how|buffers|resist|ph|change,MATCHED
runtime-data,biology-1,question,biology-1-chemistry-of-life-0011,content/biology-1/questions/biology-1-chemistry-of-life-0011.json,chemistry-of-life,functional|groups|solubility,MATCHED
runtime-data,biology-1,question,biology-1-chemistry-of-life-0012,content/biology-1/questions/biology-1-chemistry-of-life-0012.json,chemistry-of-life,heat|vaporization|cooling,MATCHED
runtime-data,biology-1,question,biology-1-biomolecules-0001,content/biology-1/questions/biology-1-biomolecules-0001.json,biomolecules,condensation|glycosidic|bonds,MATCHED
runtime-data,biology-1,question,biology-1-biomolecules-0002,content/biology-1/questions/biology-1-biomolecules-0002.json,biomolecules,hydrolysis|breaks|polymers,MATCHED
runtime-data,biology-1,question,biology-1-biomolecules-0003,content/biology-1/questions/biology-1-biomolecules-0003.json,biomolecules,lipids|are|not|polymers,MATCHED
runtime-data,biology-1,question,biology-1-biomolecules-0004,content/biology-1/questions/biology-1-biomolecules-0004.json,biomolecules,starch|versus|cellulose,MATCHED
runtime-data,biology-1,question,biology-1-biomolecules-0005,content/biology-1/questions/biology-1-biomolecules-0005.json,biomolecules,glycogen|branches|speed|release,MATCHED
runtime-data,biology-1,question,biology-1-biomolecules-0006,content/biology-1/questions/biology-1-biomolecules-0006.json,biomolecules,chitin|exoskeletons,MATCHED
runtime-data,biology-1,question,biology-1-biomolecules-0007,content/biology-1/questions/biology-1-biomolecules-0007.json,biomolecules,saturated|versus|unsaturated|fats,MATCHED
runtime-data,biology-1,question,biology-1-biomolecules-0008,content/biology-1/questions/biology-1-biomolecules-0008.json,biomolecules,phospholipid|bilayer|formation,MATCHED
runtime-data,biology-1,question,biology-1-biomolecules-0009,content/biology-1/questions/biology-1-biomolecules-0009.json,biomolecules,steroids|share|fused|ring|skeleton,MATCHED
runtime-data,biology-1,question,biology-1-biomolecules-0010,content/biology-1/questions/biology-1-biomolecules-0010.json,biomolecules,waxes|waterproof|surfaces,MATCHED
runtime-data,biology-1,question,biology-1-biomolecules-0011,content/biology-1/questions/biology-1-biomolecules-0011.json,biomolecules,quaternary|protein|structure,MATCHED
runtime-data,biology-1,question,biology-1-biomolecules-0012,content/biology-1/questions/biology-1-biomolecules-0012.json,biomolecules,dna|versus|rna|differences,MATCHED
runtime-data,biology-1,question,biology-1-cell-structure-0001,content/biology-1/questions/biology-1-cell-structure-0001.json,cell-structure,prokaryotes|versus|eukaryotes,MATCHED
runtime-data,biology-1,question,biology-1-cell-structure-0002,content/biology-1/questions/biology-1-cell-structure-0002.json,cell-structure,plasma|membrane|permeability,MATCHED
runtime-data,biology-1,question,biology-1-cell-structure-0003,content/biology-1/questions/biology-1-cell-structure-0003.json,cell-structure,nuclear|pores|translation,MATCHED
runtime-data,biology-1,question,biology-1-cell-structure-0004,content/biology-1/questions/biology-1-cell-structure-0004.json,cell-structure,ribosomes|rough|er,MATCHED
runtime-data,biology-1,question,biology-1-cell-structure-0005,content/biology-1/questions/biology-1-cell-structure-0005.json,cell-structure,secretory|pathway|order,MATCHED
runtime-data,biology-1,question,biology-1-cell-structure-0006,content/biology-1/questions/biology-1-cell-structure-0006.json,cell-structure,golgi|apparatus|function,MATCHED
runtime-data,biology-1,question,biology-1-cell-structure-0007,content/biology-1/questions/biology-1-cell-structure-0007.json,cell-structure,lysosomes|digest|bacteria,MATCHED
runtime-data,biology-1,question,biology-1-cell-structure-0008,content/biology-1/questions/biology-1-cell-structure-0008.json,cell-structure,mitochondria|atp,MATCHED
runtime-data,biology-1,question,biology-1-cell-structure-0009,content/biology-1/questions/biology-1-cell-structure-0009.json,cell-structure,cytoskeleton|mitosis,MATCHED
runtime-data,biology-1,question,biology-1-cell-structure-0010,content/biology-1/questions/biology-1-cell-structure-0010.json,cell-structure,microfilaments|contraction,MATCHED
runtime-data,biology-1,question,biology-1-cell-structure-0011,content/biology-1/questions/biology-1-cell-structure-0011.json,cell-structure,cell|wall|turgor,MATCHED
runtime-data,biology-1,question,biology-1-cell-structure-0012,content/biology-1/questions/biology-1-cell-structure-0012.json,cell-structure,surface|area|volume,MATCHED
runtime-data,biology-1,question,biology-1-membranes-and-transport-0001,content/biology-1/questions/biology-1-membranes-and-transport-0001.json,membranes-and-transport,fluid|mosaic|model,MATCHED
runtime-data,biology-1,question,biology-1-membranes-and-transport-0002,content/biology-1/questions/biology-1-membranes-and-transport-0002.json,membranes-and-transport,water|potential|plasmolysis,MATCHED
runtime-data,biology-1,question,biology-1-membranes-and-transport-0003,content/biology-1/questions/biology-1-membranes-and-transport-0003.json,membranes-and-transport,phospholipid|bilayer|structure,MATCHED
runtime-data,biology-1,question,biology-1-membranes-and-transport-0004,content/biology-1/questions/biology-1-membranes-and-transport-0004.json,membranes-and-transport,peripheral|versus|integral|proteins,MATCHED
runtime-data,biology-1,question,biology-1-membranes-and-transport-0005,content/biology-1/questions/biology-1-membranes-and-transport-0005.json,membranes-and-transport,selective|permeability|simple|diffusion,MATCHED
runtime-data,biology-1,question,biology-1-membranes-and-transport-0006,content/biology-1/questions/biology-1-membranes-and-transport-0006.json,membranes-and-transport,osmosis|tonicity,MATCHED
runtime-data,biology-1,question,biology-1-membranes-and-transport-0007,content/biology-1/questions/biology-1-membranes-and-transport-0007.json,membranes-and-transport,facilitated|diffusion|saturation,MATCHED
runtime-data,biology-1,question,biology-1-membranes-and-transport-0008,content/biology-1/questions/biology-1-membranes-and-transport-0008.json,membranes-and-transport,sodium|potassium|pump,MATCHED
runtime-data,biology-1,question,biology-1-membranes-and-transport-0009,content/biology-1/questions/biology-1-membranes-and-transport-0009.json,membranes-and-transport,cotransport|glucose,MATCHED
runtime-data,biology-1,question,biology-1-membranes-and-transport-0010,content/biology-1/questions/biology-1-membranes-and-transport-0010.json,membranes-and-transport,exocytosis|large|proteins,MATCHED
runtime-data,biology-1,question,biology-1-membranes-and-transport-0011,content/biology-1/questions/biology-1-membranes-and-transport-0011.json,membranes-and-transport,membrane|fluidity|cholesterol,MATCHED
runtime-data,biology-1,question,biology-1-membranes-and-transport-0012,content/biology-1/questions/biology-1-membranes-and-transport-0012.json,membranes-and-transport,phagocytosis|bacteria,MATCHED
runtime-data,biology-1,question,biology-1-cell-signaling-and-communication-0001,content/biology-1/questions/biology-1-cell-signaling-and-communication-0001.json,cell-signaling-and-communication,first|law|thermodynamics,MATCHED
runtime-data,biology-1,question,biology-1-cell-signaling-and-communication-0002,content/biology-1/questions/biology-1-cell-signaling-and-communication-0002.json,cell-signaling-and-communication,free|energy|spontaneity,MATCHED
runtime-data,biology-1,question,biology-1-cell-signaling-and-communication-0003,content/biology-1/questions/biology-1-cell-signaling-and-communication-0003.json,cell-signaling-and-communication,atp|structure|hydrolysis,MATCHED
runtime-data,biology-1,question,biology-1-cell-signaling-and-communication-0004,content/biology-1/questions/biology-1-cell-signaling-and-communication-0004.json,cell-signaling-and-communication,energy|coupling|atp,MATCHED
runtime-data,biology-1,question,biology-1-cell-signaling-and-communication-0005,content/biology-1/questions/biology-1-cell-signaling-and-communication-0005.json,cell-signaling-and-communication,activation|energy|transition|state,MATCHED
runtime-data,biology-1,question,biology-1-cell-signaling-and-communication-0006,content/biology-1/questions/biology-1-cell-signaling-and-communication-0006.json,cell-signaling-and-communication,how|enzymes|speed|reactions,MATCHED
runtime-data,biology-1,question,biology-1-cell-signaling-and-communication-0007,content/biology-1/questions/biology-1-cell-signaling-and-communication-0007.json,cell-signaling-and-communication,temperature|enzyme|activity,MATCHED
runtime-data,biology-1,question,biology-1-cell-signaling-and-communication-0008,content/biology-1/questions/biology-1-cell-signaling-and-communication-0008.json,cell-signaling-and-communication,substrate|concentration|saturation,MATCHED
runtime-data,biology-1,question,biology-1-cell-signaling-and-communication-0009,content/biology-1/questions/biology-1-cell-signaling-and-communication-0009.json,cell-signaling-and-communication,competitive|inhibition,MATCHED
runtime-data,biology-1,question,biology-1-cell-signaling-and-communication-0010,content/biology-1/questions/biology-1-cell-signaling-and-communication-0010.json,cell-signaling-and-communication,noncompetitive|inhibition,MATCHED
runtime-data,biology-1,question,biology-1-cell-signaling-and-communication-0011,content/biology-1/questions/biology-1-cell-signaling-and-communication-0011.json,cell-signaling-and-communication,allosteric|regulation|feedback|inhibition,MATCHED
runtime-data,biology-1,question,biology-1-cell-signaling-and-communication-0012,content/biology-1/questions/biology-1-cell-signaling-and-communication-0012.json,cell-signaling-and-communication,ph|enzyme|activity,MATCHED
runtime-data,biology-1,question,biology-1-energy-and-metabolism-basics-0001,content/biology-1/questions/biology-1-energy-and-metabolism-basics-0001.json,energy-and-metabolism-basics,redox|roles|glucose|oxygen,MATCHED
runtime-data,biology-1,question,biology-1-energy-and-metabolism-basics-0002,content/biology-1/questions/biology-1-energy-and-metabolism-basics-0002.json,energy-and-metabolism-basics,why|glycolysis|runs|without|mitochondria,MATCHED
runtime-data,biology-1,question,biology-1-energy-and-metabolism-basics-0003,content/biology-1/questions/biology-1-energy-and-metabolism-basics-0003.json,energy-and-metabolism-basics,net|yield|glycolysis,MATCHED
runtime-data,biology-1,question,biology-1-energy-and-metabolism-basics-0004,content/biology-1/questions/biology-1-energy-and-metabolism-basics-0004.json,energy-and-metabolism-basics,pyruvate|oxidation|location|products,MATCHED
runtime-data,biology-1,question,biology-1-energy-and-metabolism-basics-0005,content/biology-1/questions/biology-1-energy-and-metabolism-basics-0005.json,energy-and-metabolism-basics,first|release|carbon|dioxide,MATCHED
runtime-data,biology-1,question,biology-1-energy-and-metabolism-basics-0006,content/biology-1/questions/biology-1-energy-and-metabolism-basics-0006.json,energy-and-metabolism-basics,krebs|cycle|yield|per|glucose,MATCHED
runtime-data,biology-1,question,biology-1-energy-and-metabolism-basics-0007,content/biology-1/questions/biology-1-energy-and-metabolism-basics-0007.json,energy-and-metabolism-basics,electron|transport|chain|proton|pumping,MATCHED
runtime-data,biology-1,question,biology-1-energy-and-metabolism-basics-0008,content/biology-1/questions/biology-1-energy-and-metabolism-basics-0008.json,energy-and-metabolism-basics,chemiosmosis|atp|synthase,MATCHED
runtime-data,biology-1,question,biology-1-energy-and-metabolism-basics-0009,content/biology-1/questions/biology-1-energy-and-metabolism-basics-0009.json,energy-and-metabolism-basics,role|oxygen,MATCHED
runtime-data,biology-1,question,biology-1-energy-and-metabolism-basics-0010,content/biology-1/questions/biology-1-energy-and-metabolism-basics-0010.json,energy-and-metabolism-basics,total|atp|yield|per|glucose,MATCHED
runtime-data,biology-1,question,biology-1-energy-and-metabolism-basics-0011,content/biology-1/questions/biology-1-energy-and-metabolism-basics-0011.json,energy-and-metabolism-basics,lactic|acid|fermentation,MATCHED
runtime-data,biology-1,question,biology-1-energy-and-metabolism-basics-0012,content/biology-1/questions/biology-1-energy-and-metabolism-basics-0012.json,energy-and-metabolism-basics,alcohol|fermentation,MATCHED
runtime-data,biology-1,question,biology-1-cellular-respiration-0001,content/biology-1/questions/biology-1-cellular-respiration-0001.json,cellular-respiration,absorption|action|spectra,MATCHED
runtime-data,biology-1,question,biology-1-cellular-respiration-0002,content/biology-1/questions/biology-1-cellular-respiration-0002.json,cellular-respiration,accessory|pigments|photoprotection,MATCHED
runtime-data,biology-1,question,biology-1-cellular-respiration-0003,content/biology-1/questions/biology-1-cellular-respiration-0003.json,cellular-respiration,light|strikes|photosystem,MATCHED
runtime-data,biology-1,question,biology-1-cellular-respiration-0004,content/biology-1/questions/biology-1-cellular-respiration-0004.json,cellular-respiration,source|oxygen|released,MATCHED
runtime-data,biology-1,question,biology-1-cellular-respiration-0005,content/biology-1/questions/biology-1-cellular-respiration-0005.json,cellular-respiration,electron|transport|between|photosystems,MATCHED
runtime-data,biology-1,question,biology-1-cellular-respiration-0006,content/biology-1/questions/biology-1-cellular-respiration-0006.json,cellular-respiration,photosystem|nadph,MATCHED
runtime-data,biology-1,question,biology-1-cellular-respiration-0007,content/biology-1/questions/biology-1-cellular-respiration-0007.json,cellular-respiration,chemiosmosis|atp|synthase,MATCHED
runtime-data,biology-1,question,biology-1-cellular-respiration-0008,content/biology-1/questions/biology-1-cellular-respiration-0008.json,cellular-respiration,calvin|cycle|inputs|output,MATCHED
runtime-data,biology-1,question,biology-1-cellular-respiration-0009,content/biology-1/questions/biology-1-cellular-respiration-0009.json,cellular-respiration,carbon|fixation|by|rubisco,MATCHED
runtime-data,biology-1,question,biology-1-cellular-respiration-0010,content/biology-1/questions/biology-1-cellular-respiration-0010.json,cellular-respiration,photorespiration|c3|plants,MATCHED
runtime-data,biology-1,question,biology-1-cellular-respiration-0011,content/biology-1/questions/biology-1-cellular-respiration-0011.json,cellular-respiration,c4|versus|cam|strategies,MATCHED
runtime-data,biology-1,question,biology-1-cellular-respiration-0012,content/biology-1/questions/biology-1-cellular-respiration-0012.json,cellular-respiration,limiting|factors|greenhouse,MATCHED
runtime-data,biology-1,question,biology-1-photosynthesis-0001,content/biology-1/questions/biology-1-photosynthesis-0001.json,photosynthesis,direct|contact|signaling|endocrine,MATCHED
runtime-data,biology-1,question,biology-1-photosynthesis-0002,content/biology-1/questions/biology-1-photosynthesis-0002.json,photosynthesis,three|stages|cell|signaling,MATCHED
runtime-data,biology-1,question,biology-1-photosynthesis-0003,content/biology-1/questions/biology-1-photosynthesis-0003.json,photosynthesis,protein|activation|after|gpcr|binds|its|ligand,MATCHED
runtime-data,biology-1,question,biology-1-photosynthesis-0004,content/biology-1/questions/biology-1-photosynthesis-0004.json,photosynthesis,how|receptor|tyrosine|kinase|starts|cascade,MATCHED
runtime-data,biology-1,question,biology-1-photosynthesis-0005,content/biology-1/questions/biology-1-photosynthesis-0005.json,photosynthesis,kinases|phosphatases|phosphorylation|cascade,MATCHED
runtime-data,biology-1,question,biology-1-photosynthesis-0006,content/biology-1/questions/biology-1-photosynthesis-0006.json,photosynthesis,adenylyl|cyclase|cyclic|amp,MATCHED
runtime-data,biology-1,question,biology-1-photosynthesis-0007,content/biology-1/questions/biology-1-photosynthesis-0007.json,photosynthesis,ip3|dag|phospholipase,MATCHED
runtime-data,biology-1,question,biology-1-photosynthesis-0008,content/biology-1/questions/biology-1-photosynthesis-0008.json,photosynthesis,why|one|signal|molecule|produces|huge|effect,MATCHED
runtime-data,biology-1,question,biology-1-photosynthesis-0009,content/biology-1/questions/biology-1-photosynthesis-0009.json,photosynthesis,mechanisms|signal|termination,MATCHED
runtime-data,biology-1,question,biology-1-photosynthesis-0010,content/biology-1/questions/biology-1-photosynthesis-0010.json,photosynthesis,apoptosis|tadpole|tail|resorption,MATCHED
runtime-data,biology-1,question,biology-1-photosynthesis-0011,content/biology-1/questions/biology-1-photosynthesis-0011.json,photosynthesis,intracellular|receptors|steroid|hormones,MATCHED
runtime-data,biology-1,question,biology-1-photosynthesis-0012,content/biology-1/questions/biology-1-photosynthesis-0012.json,photosynthesis,ligand|gated|ion|channels|at|synapse,MATCHED
runtime-data,biology-1,question,biology-1-cell-cycle-and-division-0001,content/biology-1/questions/biology-1-cell-cycle-and-division-0001.json,cell-cycle-and-division,dna|replication|phase,MATCHED
runtime-data,biology-1,question,biology-1-cell-cycle-and-division-0002,content/biology-1/questions/biology-1-cell-cycle-and-division-0002.json,cell-cycle-and-division,order|mitosis|stages,MATCHED
runtime-data,biology-1,question,biology-1-cell-cycle-and-division-0003,content/biology-1/questions/biology-1-cell-cycle-and-division-0003.json,cell-cycle-and-division,anaphase|identification,MATCHED
runtime-data,biology-1,question,biology-1-cell-cycle-and-division-0004,content/biology-1/questions/biology-1-cell-cycle-and-division-0004.json,cell-cycle-and-division,cytokinesis|animal|plant|cells,MATCHED
runtime-data,biology-1,question,biology-1-cell-cycle-and-division-0005,content/biology-1/questions/biology-1-cell-cycle-and-division-0005.json,cell-cycle-and-division,sister|chromatid|count|after|replication,MATCHED
runtime-data,biology-1,question,biology-1-cell-cycle-and-division-0006,content/biology-1/questions/biology-1-cell-cycle-and-division-0006.json,cell-cycle-and-division,disrupting|mitotic|spindle,MATCHED
runtime-data,biology-1,question,biology-1-cell-cycle-and-division-0007,content/biology-1/questions/biology-1-cell-cycle-and-division-0007.json,cell-cycle-and-division,checkpoint|responsibilities,MATCHED
runtime-data,biology-1,question,biology-1-cell-cycle-and-division-0008,content/biology-1/questions/biology-1-cell-cycle-and-division-0008.json,cell-cycle-and-division,failure|checkpoint,MATCHED
runtime-data,biology-1,question,biology-1-cell-cycle-and-division-0009,content/biology-1/questions/biology-1-cell-cycle-and-division-0009.json,cell-cycle-and-division,cyclin|driven|entry|into|mitosis,MATCHED
runtime-data,biology-1,question,biology-1-cell-cycle-and-division-0010,content/biology-1/questions/biology-1-cell-cycle-and-division-0010.json,cell-cycle-and-division,oncogenes|growth|factor|signals,MATCHED
runtime-data,biology-1,question,biology-1-cell-cycle-and-division-0011,content/biology-1/questions/biology-1-cell-cycle-and-division-0011.json,cell-cycle-and-division,apoptosis|development,MATCHED
runtime-data,biology-1,question,biology-1-cell-cycle-and-division-0012,content/biology-1/questions/biology-1-cell-cycle-and-division-0012.json,cell-cycle-and-division,loss|p53|cancer,MATCHED
runtime-data,biology-1,question,biology-1-meiosis-and-sexual-reproduction-0001,content/biology-1/questions/biology-1-meiosis-and-sexual-reproduction-0001.json,meiosis-and-sexual-reproduction,homologous|chromosomes|sister|chromatids,MATCHED
runtime-data,biology-1,question,biology-1-meiosis-and-sexual-reproduction-0002,content/biology-1/questions/biology-1-meiosis-and-sexual-reproduction-0002.json,meiosis-and-sexual-reproduction,reductional|equational|divisions,MATCHED
runtime-data,biology-1,question,biology-1-meiosis-and-sexual-reproduction-0003,content/biology-1/questions/biology-1-meiosis-and-sexual-reproduction-0003.json,meiosis-and-sexual-reproduction,crossing|over|recombination,MATCHED
runtime-data,biology-1,question,biology-1-meiosis-and-sexual-reproduction-0004,content/biology-1/questions/biology-1-meiosis-and-sexual-reproduction-0004.json,meiosis-and-sexual-reproduction,independent|assortment|calculation,MATCHED
runtime-data,biology-1,question,biology-1-meiosis-and-sexual-reproduction-0005,content/biology-1/questions/biology-1-meiosis-and-sexual-reproduction-0005.json,meiosis-and-sexual-reproduction,anaphase|chromosome|movements,MATCHED
runtime-data,biology-1,question,biology-1-meiosis-and-sexual-reproduction-0006,content/biology-1/questions/biology-1-meiosis-and-sexual-reproduction-0006.json,meiosis-and-sexual-reproduction,meiosis|versus|mitosis,MATCHED
runtime-data,biology-1,question,biology-1-meiosis-and-sexual-reproduction-0007,content/biology-1/questions/biology-1-meiosis-and-sexual-reproduction-0007.json,meiosis-and-sexual-reproduction,spermatogenesis|versus|oogenesis,MATCHED
runtime-data,biology-1,question,biology-1-meiosis-and-sexual-reproduction-0008,content/biology-1/questions/biology-1-meiosis-and-sexual-reproduction-0008.json,meiosis-and-sexual-reproduction,nondisjunction|down|syndrome,MATCHED
runtime-data,biology-1,question,biology-1-meiosis-and-sexual-reproduction-0009,content/biology-1/questions/biology-1-meiosis-and-sexual-reproduction-0009.json,meiosis-and-sexual-reproduction,turner|syndrome|aneuploidy,MATCHED
runtime-data,biology-1,question,biology-1-meiosis-and-sexual-reproduction-0010,content/biology-1/questions/biology-1-meiosis-and-sexual-reproduction-0010.json,meiosis-and-sexual-reproduction,evolutionary|value|sexual|reproduction,MATCHED
runtime-data,biology-1,question,biology-1-meiosis-and-sexual-reproduction-0011,content/biology-1/questions/biology-1-meiosis-and-sexual-reproduction-0011.json,meiosis-and-sexual-reproduction,when|homologous|pairs|separate,MATCHED
runtime-data,biology-1,question,biology-1-meiosis-and-sexual-reproduction-0012,content/biology-1/questions/biology-1-meiosis-and-sexual-reproduction-0012.json,meiosis-and-sexual-reproduction,prophase|events|unique|meiosis,MATCHED
runtime-data,biology-1,question,biology-1-mendelian-and-classical-genetics-0001,content/biology-1/questions/biology-1-mendelian-and-classical-genetics-0001.json,mendelian-and-classical-genetics,segregation|monohybrid|genotype|ratio,MATCHED
runtime-data,biology-1,question,biology-1-mendelian-and-classical-genetics-0002,content/biology-1/questions/biology-1-mendelian-and-classical-genetics-0002.json,mendelian-and-classical-genetics,independent|assortment|dihybrid|ratio,MATCHED
runtime-data,biology-1,question,biology-1-mendelian-and-classical-genetics-0003,content/biology-1/questions/biology-1-mendelian-and-classical-genetics-0003.json,mendelian-and-classical-genetics,test|cross,MATCHED
runtime-data,biology-1,question,biology-1-mendelian-and-classical-genetics-0004,content/biology-1/questions/biology-1-mendelian-and-classical-genetics-0004.json,mendelian-and-classical-genetics,incomplete|dominance|snapdragons,MATCHED
runtime-data,biology-1,question,biology-1-mendelian-and-classical-genetics-0005,content/biology-1/questions/biology-1-mendelian-and-classical-genetics-0005.json,mendelian-and-classical-genetics,codominance|ab|blood|type,MATCHED
runtime-data,biology-1,question,biology-1-mendelian-and-classical-genetics-0006,content/biology-1/questions/biology-1-mendelian-and-classical-genetics-0006.json,mendelian-and-classical-genetics,multiple|alleles|blood|type|outcomes,MATCHED
runtime-data,biology-1,question,biology-1-mendelian-and-classical-genetics-0007,content/biology-1/questions/biology-1-mendelian-and-classical-genetics-0007.json,mendelian-and-classical-genetics,linked|inheritance|color|blindness,MATCHED
runtime-data,biology-1,question,biology-1-mendelian-and-classical-genetics-0008,content/biology-1/questions/biology-1-mendelian-and-classical-genetics-0008.json,mendelian-and-classical-genetics,pedigree|analysis|rare|disorder,MATCHED
runtime-data,biology-1,question,biology-1-mendelian-and-classical-genetics-0009,content/biology-1/questions/biology-1-mendelian-and-classical-genetics-0009.json,mendelian-and-classical-genetics,sum|rule|exactly|one|affected|child,MATCHED
runtime-data,biology-1,question,biology-1-mendelian-and-classical-genetics-0010,content/biology-1/questions/biology-1-mendelian-and-classical-genetics-0010.json,mendelian-and-classical-genetics,product|rule|round|green|seeds,MATCHED
runtime-data,biology-1,question,biology-1-mendelian-and-classical-genetics-0011,content/biology-1/questions/biology-1-mendelian-and-classical-genetics-0011.json,mendelian-and-classical-genetics,epistasis|labrador|fur|color,MATCHED
runtime-data,biology-1,question,biology-1-mendelian-and-classical-genetics-0012,content/biology-1/questions/biology-1-mendelian-and-classical-genetics-0012.json,mendelian-and-classical-genetics,polygenic|inheritance|height,MATCHED
runtime-data,biology-1,question,biology-1-molecular-genetics-0001,content/biology-1/questions/biology-1-molecular-genetics-0001.json,molecular-genetics,central|dogma|flow,MATCHED
runtime-data,biology-1,question,biology-1-molecular-genetics-0002,content/biology-1/questions/biology-1-molecular-genetics-0002.json,molecular-genetics,role|promoter,MATCHED
runtime-data,biology-1,question,biology-1-molecular-genetics-0003,content/biology-1/questions/biology-1-molecular-genetics-0003.json,molecular-genetics,messenger|rna|processing|events,MATCHED
runtime-data,biology-1,question,biology-1-molecular-genetics-0004,content/biology-1/questions/biology-1-molecular-genetics-0004.json,molecular-genetics,codons|reading|frame,MATCHED
runtime-data,biology-1,question,biology-1-molecular-genetics-0005,content/biology-1/questions/biology-1-molecular-genetics-0005.json,molecular-genetics,role|trna|translation,MATCHED
runtime-data,biology-1,question,biology-1-molecular-genetics-0006,content/biology-1/questions/biology-1-molecular-genetics-0006.json,molecular-genetics,frameshift|mutation|consequences,MATCHED
runtime-data,biology-1,question,biology-1-molecular-genetics-0007,content/biology-1/questions/biology-1-molecular-genetics-0007.json,molecular-genetics,silent|mutation|classification,MATCHED
runtime-data,biology-1,question,biology-1-molecular-genetics-0008,content/biology-1/questions/biology-1-molecular-genetics-0008.json,molecular-genetics,lac|operon|response|lactose,MATCHED
runtime-data,biology-1,question,biology-1-molecular-genetics-0009,content/biology-1/questions/biology-1-molecular-genetics-0009.json,molecular-genetics,regulation|trp|operon,MATCHED
runtime-data,biology-1,question,biology-1-molecular-genetics-0010,content/biology-1/questions/biology-1-molecular-genetics-0010.json,molecular-genetics,enhancers|transcription|factors,MATCHED
runtime-data,biology-1,question,biology-1-molecular-genetics-0011,content/biology-1/questions/biology-1-molecular-genetics-0011.json,molecular-genetics,dna|methylation|gene|silencing,MATCHED
runtime-data,biology-1,question,biology-1-molecular-genetics-0012,content/biology-1/questions/biology-1-molecular-genetics-0012.json,molecular-genetics,how|micrornas|regulate|genes,MATCHED
runtime-data,biology-1,question,biology-1-biotechnology-0001,content/biology-1/questions/biology-1-biotechnology-0001.json,biotechnology,sticky|ends|restriction|enzymes,MATCHED
runtime-data,biology-1,question,biology-1-biotechnology-0002,content/biology-1/questions/biology-1-biotechnology-0002.json,biotechnology,gel|electrophoresis|separation,MATCHED
runtime-data,biology-1,question,biology-1-biotechnology-0003,content/biology-1/questions/biology-1-biotechnology-0003.json,biotechnology,plasmid|vectors|gene|expression,MATCHED
runtime-data,biology-1,question,biology-1-biotechnology-0004,content/biology-1/questions/biology-1-biotechnology-0004.json,biotechnology,pcr|cycle|order,MATCHED
runtime-data,biology-1,question,biology-1-biotechnology-0005,content/biology-1/questions/biology-1-biotechnology-0005.json,biotechnology,what|pcr|amplifies,MATCHED
runtime-data,biology-1,question,biology-1-biotechnology-0006,content/biology-1/questions/biology-1-biotechnology-0006.json,biotechnology,sanger|sequencing|chain|termination,MATCHED
runtime-data,biology-1,question,biology-1-biotechnology-0007,content/biology-1/questions/biology-1-biotechnology-0007.json,biotechnology,assembling|next|generation|reads,MATCHED
runtime-data,biology-1,question,biology-1-biotechnology-0008,content/biology-1/questions/biology-1-biotechnology-0008.json,biotechnology,crispr|cas9|target|selection,MATCHED
runtime-data,biology-1,question,biology-1-biotechnology-0009,content/biology-1/questions/biology-1-biotechnology-0009.json,biotechnology,defining|transgenic|organism,MATCHED
runtime-data,biology-1,question,biology-1-biotechnology-0010,content/biology-1/questions/biology-1-biotechnology-0010.json,biotechnology,dna|fingerprinting|forensics,MATCHED
runtime-data,biology-1,question,biology-1-biotechnology-0011,content/biology-1/questions/biology-1-biotechnology-0011.json,biotechnology,interpreting|paternity|test,MATCHED
runtime-data,biology-1,question,biology-1-biotechnology-0012,content/biology-1/questions/biology-1-biotechnology-0012.json,biotechnology,human|genome|project|ethics,MATCHED
runtime-data,biology-1,question,biology-1-evolution-fundamentals-0001,content/biology-1/questions/biology-1-evolution-fundamentals-0001.json,evolution-fundamentals,natural|selection|heritability,MATCHED
runtime-data,biology-1,question,biology-1-evolution-fundamentals-0002,content/biology-1/questions/biology-1-evolution-fundamentals-0002.json,evolution-fundamentals,defining|adaptation,MATCHED
runtime-data,biology-1,question,biology-1-evolution-fundamentals-0003,content/biology-1/questions/biology-1-evolution-fundamentals-0003.json,evolution-fundamentals,homologous|versus|analogous|structures,MATCHED
runtime-data,biology-1,question,biology-1-evolution-fundamentals-0004,content/biology-1/questions/biology-1-evolution-fundamentals-0004.json,evolution-fundamentals,vestigial|structures|fossils,MATCHED
runtime-data,biology-1,question,biology-1-evolution-fundamentals-0005,content/biology-1/questions/biology-1-evolution-fundamentals-0005.json,evolution-fundamentals,molecular|embryological|evidence,MATCHED
runtime-data,biology-1,question,biology-1-evolution-fundamentals-0006,content/biology-1/questions/biology-1-evolution-fundamentals-0006.json,evolution-fundamentals,biogeography|island|species,MATCHED
runtime-data,biology-1,question,biology-1-evolution-fundamentals-0007,content/biology-1/questions/biology-1-evolution-fundamentals-0007.json,evolution-fundamentals,hardy|weinberg|equilibrium|conditions,MATCHED
runtime-data,biology-1,question,biology-1-evolution-fundamentals-0008,content/biology-1/questions/biology-1-evolution-fundamentals-0008.json,evolution-fundamentals,hardy|weinberg|allele|frequency|calculation,MATCHED
runtime-data,biology-1,question,biology-1-evolution-fundamentals-0009,content/biology-1/questions/biology-1-evolution-fundamentals-0009.json,evolution-fundamentals,genetic|drift|small|populations,MATCHED
runtime-data,biology-1,question,biology-1-evolution-fundamentals-0010,content/biology-1/questions/biology-1-evolution-fundamentals-0010.json,evolution-fundamentals,founder|effect|versus|bottleneck,MATCHED
runtime-data,biology-1,question,biology-1-evolution-fundamentals-0011,content/biology-1/questions/biology-1-evolution-fundamentals-0011.json,evolution-fundamentals,disruptive|selection|on|extremes,MATCHED
runtime-data,biology-1,question,biology-1-evolution-fundamentals-0012,content/biology-1/questions/biology-1-evolution-fundamentals-0012.json,evolution-fundamentals,allopatric|speciation,MATCHED
runtime-data,biology-2,subject-summary,biology-2,,,lessons=14|notes=14|questions=168|assets=0|tags=439,MATCHED
runtime-data,biology-2,lesson,biology-2-origin-and-history-of-life,,origin-and-history-of-life,,MATCHED
runtime-data,biology-2,lesson,biology-2-macroevolution-and-phylogenetics,,macroevolution-and-phylogenetics,,MATCHED
runtime-data,biology-2,lesson,biology-2-viruses-and-prions,,viruses-and-prions,,MATCHED
runtime-data,biology-2,lesson,biology-2-prokaryotes-bacteria-and-archaea,,prokaryotes-bacteria-and-archaea,,MATCHED
runtime-data,biology-2,lesson,biology-2-protists,,protists,,MATCHED
runtime-data,biology-2,lesson,biology-2-fungi,,fungi,,MATCHED
runtime-data,biology-2,lesson,biology-2-plant-diversity-and-evolution,,plant-diversity-and-evolution,,MATCHED
runtime-data,biology-2,lesson,biology-2-plant-structure-and-physiology,,plant-structure-and-physiology,,MATCHED
runtime-data,biology-2,lesson,biology-2-animal-diversity,,animal-diversity,,MATCHED
runtime-data,biology-2,lesson,biology-2-animal-physiology-i,,animal-physiology-i,,MATCHED
runtime-data,biology-2,lesson,biology-2-animal-physiology-ii,,animal-physiology-ii,,MATCHED
runtime-data,biology-2,lesson,biology-2-reproduction-and-development,,reproduction-and-development,,MATCHED
runtime-data,biology-2,lesson,biology-2-population-and-community-ecology,,population-and-community-ecology,,MATCHED
runtime-data,biology-2,lesson,biology-2-ecosystem-and-conservation-ecology,,ecosystem-and-conservation-ecology,,MATCHED
runtime-data,biology-2,note,biology-2-origin-and-history-of-life,content/biology-2/notes/biology-2-origin-and-history-of-life.md,origin-and-history-of-life,origin|history|life,MATCHED
runtime-data,biology-2,note,biology-2-macroevolution-and-phylogenetics,content/biology-2/notes/biology-2-macroevolution-and-phylogenetics.md,macroevolution-and-phylogenetics,macroevolution|phylogenetics,MATCHED
runtime-data,biology-2,note,biology-2-viruses-and-prions,content/biology-2/notes/biology-2-viruses-and-prions.md,viruses-and-prions,viruses|prions,MATCHED
runtime-data,biology-2,note,biology-2-prokaryotes-bacteria-and-archaea,content/biology-2/notes/biology-2-prokaryotes-bacteria-and-archaea.md,prokaryotes-bacteria-and-archaea,prokaryotes|bacteria|archaea,MATCHED
runtime-data,biology-2,note,biology-2-protists,content/biology-2/notes/biology-2-protists.md,protists,protists,MATCHED
runtime-data,biology-2,note,biology-2-fungi,content/biology-2/notes/biology-2-fungi.md,fungi,fungi,MATCHED
runtime-data,biology-2,note,biology-2-plant-diversity-and-evolution,content/biology-2/notes/biology-2-plant-diversity-and-evolution.md,plant-diversity-and-evolution,plant|diversity|evolution,MATCHED
runtime-data,biology-2,note,biology-2-plant-structure-and-physiology,content/biology-2/notes/biology-2-plant-structure-and-physiology.md,plant-structure-and-physiology,plant|structure|physiology,MATCHED
runtime-data,biology-2,note,biology-2-animal-diversity,content/biology-2/notes/biology-2-animal-diversity.md,animal-diversity,animal|diversity,MATCHED
runtime-data,biology-2,note,biology-2-animal-physiology-i,content/biology-2/notes/biology-2-animal-physiology-i.md,animal-physiology-i,animal|physiology,MATCHED
runtime-data,biology-2,note,biology-2-animal-physiology-ii,content/biology-2/notes/biology-2-animal-physiology-ii.md,animal-physiology-ii,animal|physiology,MATCHED
runtime-data,biology-2,note,biology-2-reproduction-and-development,content/biology-2/notes/biology-2-reproduction-and-development.md,reproduction-and-development,reproduction|development,MATCHED
runtime-data,biology-2,note,biology-2-population-and-community-ecology,content/biology-2/notes/biology-2-population-and-community-ecology.md,population-and-community-ecology,population|community|ecology,MATCHED
runtime-data,biology-2,note,biology-2-ecosystem-and-conservation-ecology,content/biology-2/notes/biology-2-ecosystem-and-conservation-ecology.md,ecosystem-and-conservation-ecology,ecosystem|conservation|ecology,MATCHED
runtime-data,biology-2,question,biology-2-origin-and-history-of-life-0001,content/biology-2/questions/biology-2-origin-and-history-of-life-0001.json,origin-and-history-of-life,early|earth|atmosphere,MATCHED
runtime-data,biology-2,question,biology-2-origin-and-history-of-life-0002,content/biology-2/questions/biology-2-origin-and-history-of-life-0002.json,origin-and-history-of-life,evidence|abiogenesis,MATCHED
runtime-data,biology-2,question,biology-2-origin-and-history-of-life-0003,content/biology-2/questions/biology-2-origin-and-history-of-life-0003.json,origin-and-history-of-life,miller|urey|experiment,MATCHED
runtime-data,biology-2,question,biology-2-origin-and-history-of-life-0004,content/biology-2/questions/biology-2-origin-and-history-of-life-0004.json,origin-and-history-of-life,why|rna|came|first,MATCHED
runtime-data,biology-2,question,biology-2-origin-and-history-of-life-0005,content/biology-2/questions/biology-2-origin-and-history-of-life-0005.json,origin-and-history-of-life,protobionts|as|first|step,MATCHED
runtime-data,biology-2,question,biology-2-origin-and-history-of-life-0006,content/biology-2/questions/biology-2-origin-and-history-of-life-0006.json,origin-and-history-of-life,first|cells,MATCHED
runtime-data,biology-2,question,biology-2-origin-and-history-of-life-0007,content/biology-2/questions/biology-2-origin-and-history-of-life-0007.json,origin-and-history-of-life,oxygen|revolution,MATCHED
runtime-data,biology-2,question,biology-2-origin-and-history-of-life-0008,content/biology-2/questions/biology-2-origin-and-history-of-life-0008.json,origin-and-history-of-life,evidence|endosymbiosis,MATCHED
runtime-data,biology-2,question,biology-2-origin-and-history-of-life-0009,content/biology-2/questions/biology-2-origin-and-history-of-life-0009.json,origin-and-history-of-life,events|on|time|scale,MATCHED
runtime-data,biology-2,question,biology-2-origin-and-history-of-life-0010,content/biology-2/questions/biology-2-origin-and-history-of-life-0010.json,origin-and-history-of-life,colonizing|land,MATCHED
runtime-data,biology-2,question,biology-2-origin-and-history-of-life-0011,content/biology-2/questions/biology-2-origin-and-history-of-life-0011.json,origin-and-history-of-life,five|mass|extinctions,MATCHED
runtime-data,biology-2,question,biology-2-origin-and-history-of-life-0012,content/biology-2/questions/biology-2-origin-and-history-of-life-0012.json,origin-and-history-of-life,mesozoic|cenozoic|events,MATCHED
runtime-data,biology-2,question,biology-2-macroevolution-and-phylogenetics-0001,content/biology-2/questions/biology-2-macroevolution-and-phylogenetics-0001.json,macroevolution-and-phylogenetics,clade|relationships|on|tree,MATCHED
runtime-data,biology-2,question,biology-2-macroevolution-and-phylogenetics-0002,content/biology-2/questions/biology-2-macroevolution-and-phylogenetics-0002.json,macroevolution-and-phylogenetics,defining|monophyletic|group,MATCHED
runtime-data,biology-2,question,biology-2-macroevolution-and-phylogenetics-0003,content/biology-2/questions/biology-2-macroevolution-and-phylogenetics-0003.json,macroevolution-and-phylogenetics,reptiles|paraphyletic|or|polyphyletic,MATCHED
runtime-data,biology-2,question,biology-2-macroevolution-and-phylogenetics-0004,content/biology-2/questions/biology-2-macroevolution-and-phylogenetics-0004.json,macroevolution-and-phylogenetics,analogous|wings|homology,MATCHED
runtime-data,biology-2,question,biology-2-macroevolution-and-phylogenetics-0005,content/biology-2/questions/biology-2-macroevolution-and-phylogenetics-0005.json,macroevolution-and-phylogenetics,shared|derived|characters,MATCHED
runtime-data,biology-2,question,biology-2-macroevolution-and-phylogenetics-0006,content/biology-2/questions/biology-2-macroevolution-and-phylogenetics-0006.json,macroevolution-and-phylogenetics,assumptions|molecular|clocks,MATCHED
runtime-data,biology-2,question,biology-2-macroevolution-and-phylogenetics-0007,content/biology-2/questions/biology-2-macroevolution-and-phylogenetics-0007.json,macroevolution-and-phylogenetics,relationships|among|three|domains,MATCHED
runtime-data,biology-2,question,biology-2-macroevolution-and-phylogenetics-0008,content/biology-2/questions/biology-2-macroevolution-and-phylogenetics-0008.json,macroevolution-and-phylogenetics,moving|up|taxonomic|hierarchy,MATCHED
runtime-data,biology-2,question,biology-2-macroevolution-and-phylogenetics-0009,content/biology-2/questions/biology-2-macroevolution-and-phylogenetics-0009.json,macroevolution-and-phylogenetics,what|drives|adaptive|radiation,MATCHED
runtime-data,biology-2,question,biology-2-macroevolution-and-phylogenetics-0010,content/biology-2/questions/biology-2-macroevolution-and-phylogenetics-0010.json,macroevolution-and-phylogenetics,convergent|gliders,MATCHED
runtime-data,biology-2,question,biology-2-macroevolution-and-phylogenetics-0011,content/biology-2/questions/biology-2-macroevolution-and-phylogenetics-0011.json,macroevolution-and-phylogenetics,coevolution|flower|moth,MATCHED
runtime-data,biology-2,question,biology-2-macroevolution-and-phylogenetics-0012,content/biology-2/questions/biology-2-macroevolution-and-phylogenetics-0012.json,macroevolution-and-phylogenetics,punctuated|equilibrium|fossil|record,MATCHED
runtime-data,biology-2,question,biology-2-viruses-and-prions-0001,content/biology-2/questions/biology-2-viruses-and-prions-0001.json,viruses-and-prions,capsid|envelope|spikes,MATCHED
runtime-data,biology-2,question,biology-2-viruses-and-prions-0002,content/biology-2/questions/biology-2-viruses-and-prions-0002.json,viruses-and-prions,viral|genome|types,MATCHED
runtime-data,biology-2,question,biology-2-viruses-and-prions-0003,content/biology-2/questions/biology-2-viruses-and-prions-0003.json,viruses-and-prions,why|viruses|are|not|living,MATCHED
runtime-data,biology-2,question,biology-2-viruses-and-prions-0004,content/biology-2/questions/biology-2-viruses-and-prions-0004.json,viruses-and-prions,lytic|cycle,MATCHED
runtime-data,biology-2,question,biology-2-viruses-and-prions-0005,content/biology-2/questions/biology-2-viruses-and-prions-0005.json,viruses-and-prions,lysogenic|cycle|prophage,MATCHED
runtime-data,biology-2,question,biology-2-viruses-and-prions-0006,content/biology-2/questions/biology-2-viruses-and-prions-0006.json,viruses-and-prions,reverse|transcriptase|retroviruses,MATCHED
runtime-data,biology-2,question,biology-2-viruses-and-prions-0007,content/biology-2/questions/biology-2-viruses-and-prions-0007.json,viruses-and-prions,hiv|life|cycle,MATCHED
runtime-data,biology-2,question,biology-2-viruses-and-prions-0008,content/biology-2/questions/biology-2-viruses-and-prions-0008.json,viruses-and-prions,emerging|viruses,MATCHED
runtime-data,biology-2,question,biology-2-viruses-and-prions-0009,content/biology-2/questions/biology-2-viruses-and-prions-0009.json,viruses-and-prions,antiviral|drugs|versus|vaccines,MATCHED
runtime-data,biology-2,question,biology-2-viruses-and-prions-0010,content/biology-2/questions/biology-2-viruses-and-prions-0010.json,viruses-and-prions,prion|propagation,MATCHED
runtime-data,biology-2,question,biology-2-viruses-and-prions-0011,content/biology-2/questions/biology-2-viruses-and-prions-0011.json,viruses-and-prions,prion|diseases,MATCHED
runtime-data,biology-2,question,biology-2-viruses-and-prions-0012,content/biology-2/questions/biology-2-viruses-and-prions-0012.json,viruses-and-prions,viroids,MATCHED
runtime-data,biology-2,question,biology-2-prokaryotes-bacteria-and-archaea-0001,content/biology-2/questions/biology-2-prokaryotes-bacteria-and-archaea-0001.json,prokaryotes-bacteria-and-archaea,gram|staining|cell|wall|structure,MATCHED
runtime-data,biology-2,question,biology-2-prokaryotes-bacteria-and-archaea-0002,content/biology-2/questions/biology-2-prokaryotes-bacteria-and-archaea-0002.json,prokaryotes-bacteria-and-archaea,why|endospores|resist|boiling,MATCHED
runtime-data,biology-2,question,biology-2-prokaryotes-bacteria-and-archaea-0003,content/biology-2/questions/biology-2-prokaryotes-bacteria-and-archaea-0003.json,prokaryotes-bacteria-and-archaea,plasmids|conjugation,MATCHED
runtime-data,biology-2,question,biology-2-prokaryotes-bacteria-and-archaea-0004,content/biology-2/questions/biology-2-prokaryotes-bacteria-and-archaea-0004.json,prokaryotes-bacteria-and-archaea,transformation|lab,MATCHED
runtime-data,biology-2,question,biology-2-prokaryotes-bacteria-and-archaea-0005,content/biology-2/questions/biology-2-prokaryotes-bacteria-and-archaea-0005.json,prokaryotes-bacteria-and-archaea,classifying|hot|spring|archaeon,MATCHED
runtime-data,biology-2,question,biology-2-prokaryotes-bacteria-and-archaea-0006,content/biology-2/questions/biology-2-prokaryotes-bacteria-and-archaea-0006.json,prokaryotes-bacteria-and-archaea,methanogen|lifestyle,MATCHED
runtime-data,biology-2,question,biology-2-prokaryotes-bacteria-and-archaea-0007,content/biology-2/questions/biology-2-prokaryotes-bacteria-and-archaea-0007.json,prokaryotes-bacteria-and-archaea,binary|fission|growth|math,MATCHED
runtime-data,biology-2,question,biology-2-prokaryotes-bacteria-and-archaea-0008,content/biology-2/questions/biology-2-prokaryotes-bacteria-and-archaea-0008.json,prokaryotes-bacteria-and-archaea,outer|membrane|penicillin,MATCHED
runtime-data,biology-2,question,biology-2-prokaryotes-bacteria-and-archaea-0009,content/biology-2/questions/biology-2-prokaryotes-bacteria-and-archaea-0009.json,prokaryotes-bacteria-and-archaea,metabolic|categories|pairing,MATCHED
runtime-data,biology-2,question,biology-2-prokaryotes-bacteria-and-archaea-0010,content/biology-2/questions/biology-2-prokaryotes-bacteria-and-archaea-0010.json,prokaryotes-bacteria-and-archaea,fermentation|mechanism,MATCHED
runtime-data,biology-2,question,biology-2-prokaryotes-bacteria-and-archaea-0011,content/biology-2/questions/biology-2-prokaryotes-bacteria-and-archaea-0011.json,prokaryotes-bacteria-and-archaea,nitrogen|fixation|value,MATCHED
runtime-data,biology-2,question,biology-2-prokaryotes-bacteria-and-archaea-0012,content/biology-2/questions/biology-2-prokaryotes-bacteria-and-archaea-0012.json,prokaryotes-bacteria-and-archaea,microbiome|benefits,MATCHED
runtime-data,biology-2,question,biology-2-protists-0001,content/biology-2/questions/biology-2-protists-0001.json,protists,why|protists|are|polyphyletic,MATCHED
runtime-data,biology-2,question,biology-2-protists-0002,content/biology-2/questions/biology-2-protists-0002.json,protists,diatoms|silica|shells,MATCHED
runtime-data,biology-2,question,biology-2-protists-0003,content/biology-2/questions/biology-2-protists-0003.json,protists,macronucleus|micronucleus|roles,MATCHED
runtime-data,biology-2,question,biology-2-protists-0004,content/biology-2/questions/biology-2-protists-0004.json,protists,plasmodium|malaria,MATCHED
runtime-data,biology-2,question,biology-2-protists-0005,content/biology-2/questions/biology-2-protists-0005.json,protists,secondary|endosymbiosis,MATCHED
runtime-data,biology-2,question,biology-2-protists-0006,content/biology-2/questions/biology-2-protists-0006.json,protists,dinoflagellates|red|tides,MATCHED
runtime-data,biology-2,question,biology-2-protists-0007,content/biology-2/questions/biology-2-protists-0007.json,protists,green|algae|land|plants,MATCHED
runtime-data,biology-2,question,biology-2-protists-0008,content/biology-2/questions/biology-2-protists-0008.json,protists,coral|symbionts|bleaching,MATCHED
runtime-data,biology-2,question,biology-2-protists-0009,content/biology-2/questions/biology-2-protists-0009.json,protists,trypanosoma|sleeping|sickness,MATCHED
runtime-data,biology-2,question,biology-2-protists-0010,content/biology-2/questions/biology-2-protists-0010.json,protists,giardia|contaminated|water,MATCHED
runtime-data,biology-2,question,biology-2-protists-0011,content/biology-2/questions/biology-2-protists-0011.json,protists,slime|molds|water,MATCHED
runtime-data,biology-2,question,biology-2-protists-0012,content/biology-2/questions/biology-2-protists-0012.json,protists,amoebas|pseudopodia,MATCHED
runtime-data,biology-2,question,biology-2-fungi-0001,content/biology-2/questions/biology-2-fungi-0001.json,fungi,fungal|body|plan,MATCHED
runtime-data,biology-2,question,biology-2-fungi-0002,content/biology-2/questions/biology-2-fungi-0002.json,fungi,chitin|cell|walls,MATCHED
runtime-data,biology-2,question,biology-2-fungi-0003,content/biology-2/questions/biology-2-fungi-0003.json,fungi,absorptive|nutrition,MATCHED
runtime-data,biology-2,question,biology-2-fungi-0004,content/biology-2/questions/biology-2-fungi-0004.json,fungi,decomposers|parasites|mutualists,MATCHED
runtime-data,biology-2,question,biology-2-fungi-0005,content/biology-2/questions/biology-2-fungi-0005.json,fungi,fungal|pathogens|human|disease,MATCHED
runtime-data,biology-2,question,biology-2-fungi-0006,content/biology-2/questions/biology-2-fungi-0006.json,fungi,asexual|reproduction,MATCHED
runtime-data,biology-2,question,biology-2-fungi-0007,content/biology-2/questions/biology-2-fungi-0007.json,fungi,sexual|life|cycle,MATCHED
runtime-data,biology-2,question,biology-2-fungi-0008,content/biology-2/questions/biology-2-fungi-0008.json,fungi,chytrids|zygomycetes,MATCHED
runtime-data,biology-2,question,biology-2-fungi-0009,content/biology-2/questions/biology-2-fungi-0009.json,fungi,yeast|fermentation|penicillium,MATCHED
runtime-data,biology-2,question,biology-2-fungi-0010,content/biology-2/questions/biology-2-fungi-0010.json,fungi,microsporidia,MATCHED
runtime-data,biology-2,question,biology-2-fungi-0011,content/biology-2/questions/biology-2-fungi-0011.json,fungi,mycorrhizae,MATCHED
runtime-data,biology-2,question,biology-2-fungi-0012,content/biology-2/questions/biology-2-fungi-0012.json,fungi,lichens,MATCHED
runtime-data,biology-2,question,biology-2-plant-diversity-and-evolution-0001,content/biology-2/questions/biology-2-plant-diversity-and-evolution-0001.json,plant-diversity-and-evolution,charophyte|ancestry,MATCHED
runtime-data,biology-2,question,biology-2-plant-diversity-and-evolution-0002,content/biology-2/questions/biology-2-plant-diversity-and-evolution-0002.json,plant-diversity-and-evolution,alternation|generations,MATCHED
runtime-data,biology-2,question,biology-2-plant-diversity-and-evolution-0003,content/biology-2/questions/biology-2-plant-diversity-and-evolution-0003.json,plant-diversity-and-evolution,moss|dominant|generation,MATCHED
runtime-data,biology-2,question,biology-2-plant-diversity-and-evolution-0004,content/biology-2/questions/biology-2-plant-diversity-and-evolution-0004.json,plant-diversity-and-evolution,fern|sporophyte|spores,MATCHED
runtime-data,biology-2,question,biology-2-plant-diversity-and-evolution-0005,content/biology-2/questions/biology-2-plant-diversity-and-evolution-0005.json,plant-diversity-and-evolution,pollen|land|fertilization,MATCHED
runtime-data,biology-2,question,biology-2-plant-diversity-and-evolution-0006,content/biology-2/questions/biology-2-plant-diversity-and-evolution-0006.json,plant-diversity-and-evolution,seed|protection|dormancy,MATCHED
runtime-data,biology-2,question,biology-2-plant-diversity-and-evolution-0007,content/biology-2/questions/biology-2-plant-diversity-and-evolution-0007.json,plant-diversity-and-evolution,gymnosperm|naked|seeds,MATCHED
runtime-data,biology-2,question,biology-2-plant-diversity-and-evolution-0008,content/biology-2/questions/biology-2-plant-diversity-and-evolution-0008.json,plant-diversity-and-evolution,double|fertilization,MATCHED
runtime-data,biology-2,question,biology-2-plant-diversity-and-evolution-0009,content/biology-2/questions/biology-2-plant-diversity-and-evolution-0009.json,plant-diversity-and-evolution,cuticle|stomata|tradeoff,MATCHED
runtime-data,biology-2,question,biology-2-plant-diversity-and-evolution-0010,content/biology-2/questions/biology-2-plant-diversity-and-evolution-0010.json,plant-diversity-and-evolution,sporophyte|dominance|trend,MATCHED
runtime-data,biology-2,question,biology-2-plant-diversity-and-evolution-0011,content/biology-2/questions/biology-2-plant-diversity-and-evolution-0011.json,plant-diversity-and-evolution,swimming|sperm|need|water,MATCHED
runtime-data,biology-2,question,biology-2-plant-diversity-and-evolution-0012,content/biology-2/questions/biology-2-plant-diversity-and-evolution-0012.json,plant-diversity-and-evolution,angiosperm|dominant|generation,MATCHED
runtime-data,biology-2,question,biology-2-plant-structure-and-physiology-0001,content/biology-2/questions/biology-2-plant-structure-and-physiology-0001.json,plant-structure-and-physiology,plant|tissue|systems,MATCHED
runtime-data,biology-2,question,biology-2-plant-structure-and-physiology-0002,content/biology-2/questions/biology-2-plant-structure-and-physiology-0002.json,plant-structure-and-physiology,root|hairs|endodermis,MATCHED
runtime-data,biology-2,question,biology-2-plant-structure-and-physiology-0003,content/biology-2/questions/biology-2-plant-structure-and-physiology-0003.json,plant-structure-and-physiology,meristems|nodes|internodes,MATCHED
runtime-data,biology-2,question,biology-2-plant-structure-and-physiology-0004,content/biology-2/questions/biology-2-plant-structure-and-physiology-0004.json,plant-structure-and-physiology,cohesion|tension|xylem,MATCHED
runtime-data,biology-2,question,biology-2-plant-structure-and-physiology-0005,content/biology-2/questions/biology-2-plant-structure-and-physiology-0005.json,plant-structure-and-physiology,guard|cells|stomata,MATCHED
runtime-data,biology-2,question,biology-2-plant-structure-and-physiology-0006,content/biology-2/questions/biology-2-plant-structure-and-physiology-0006.json,plant-structure-and-physiology,water|potential|wilting,MATCHED
runtime-data,biology-2,question,biology-2-plant-structure-and-physiology-0007,content/biology-2/questions/biology-2-plant-structure-and-physiology-0007.json,plant-structure-and-physiology,phloem|pressure|flow,MATCHED
runtime-data,biology-2,question,biology-2-plant-structure-and-physiology-0008,content/biology-2/questions/biology-2-plant-structure-and-physiology-0008.json,plant-structure-and-physiology,nitrogen|fixation|legumes,MATCHED
runtime-data,biology-2,question,biology-2-plant-structure-and-physiology-0009,content/biology-2/questions/biology-2-plant-structure-and-physiology-0009.json,plant-structure-and-physiology,auxin|phototropism,MATCHED
runtime-data,biology-2,question,biology-2-plant-structure-and-physiology-0010,content/biology-2/questions/biology-2-plant-structure-and-physiology-0010.json,plant-structure-and-physiology,gravitropism,MATCHED
runtime-data,biology-2,question,biology-2-plant-structure-and-physiology-0011,content/biology-2/questions/biology-2-plant-structure-and-physiology-0011.json,plant-structure-and-physiology,ethylene|fruit|ripening,MATCHED
runtime-data,biology-2,question,biology-2-plant-structure-and-physiology-0012,content/biology-2/questions/biology-2-plant-structure-and-physiology-0012.json,plant-structure-and-physiology,photoperiodism|phytochrome,MATCHED
runtime-data,biology-2,question,biology-2-animal-diversity-0001,content/biology-2/questions/biology-2-animal-diversity-0001.json,animal-diversity,cnidarian|body|plan,MATCHED
runtime-data,biology-2,question,biology-2-animal-diversity-0002,content/biology-2/questions/biology-2-animal-diversity-0002.json,animal-diversity,pseudocoelomate|body|cavity,MATCHED
runtime-data,biology-2,question,biology-2-animal-diversity-0003,content/biology-2/questions/biology-2-animal-diversity-0003.json,animal-diversity,flatworm|germ|layers,MATCHED
runtime-data,biology-2,question,biology-2-animal-diversity-0004,content/biology-2/questions/biology-2-animal-diversity-0004.json,animal-diversity,deuterostome|groups,MATCHED
runtime-data,biology-2,question,biology-2-animal-diversity-0005,content/biology-2/questions/biology-2-animal-diversity-0005.json,animal-diversity,arthropod|body|plan,MATCHED
runtime-data,biology-2,question,biology-2-animal-diversity-0006,content/biology-2/questions/biology-2-animal-diversity-0006.json,animal-diversity,sponges|tissues,MATCHED
runtime-data,biology-2,question,biology-2-animal-diversity-0007,content/biology-2/questions/biology-2-animal-diversity-0007.json,animal-diversity,chordate|defining|features,MATCHED
runtime-data,biology-2,question,biology-2-animal-diversity-0008,content/biology-2/questions/biology-2-animal-diversity-0008.json,animal-diversity,notochord|fate,MATCHED
runtime-data,biology-2,question,biology-2-animal-diversity-0009,content/biology-2/questions/biology-2-animal-diversity-0009.json,animal-diversity,amniotic|egg|adaptation,MATCHED
runtime-data,biology-2,question,biology-2-animal-diversity-0010,content/biology-2/questions/biology-2-animal-diversity-0010.json,animal-diversity,jaws|fishes,MATCHED
runtime-data,biology-2,question,biology-2-animal-diversity-0011,content/biology-2/questions/biology-2-animal-diversity-0011.json,animal-diversity,feathers|flight,MATCHED
runtime-data,biology-2,question,biology-2-animal-diversity-0012,content/biology-2/questions/biology-2-animal-diversity-0012.json,animal-diversity,mammal|defining|trait,MATCHED
runtime-data,biology-2,question,biology-2-animal-physiology-i-0001,content/biology-2/questions/biology-2-animal-physiology-i-0001.json,animal-physiology-i,open|versus|closed|circulation,MATCHED
runtime-data,biology-2,question,biology-2-animal-physiology-i-0002,content/biology-2/questions/biology-2-animal-physiology-i-0002.json,animal-physiology-i,single|circulation|fish,MATCHED
runtime-data,biology-2,question,biology-2-animal-physiology-i-0003,content/biology-2/questions/biology-2-animal-physiology-i-0003.json,animal-physiology-i,path|blood|through|heart,MATCHED
runtime-data,biology-2,question,biology-2-animal-physiology-i-0004,content/biology-2/questions/biology-2-animal-physiology-i-0004.json,animal-physiology-i,path|air|alveoli,MATCHED
runtime-data,biology-2,question,biology-2-animal-physiology-i-0005,content/biology-2/questions/biology-2-animal-physiology-i-0005.json,animal-physiology-i,carbon|dioxide|transport|blood,MATCHED
runtime-data,biology-2,question,biology-2-animal-physiology-i-0006,content/biology-2/questions/biology-2-animal-physiology-i-0006.json,animal-physiology-i,breathing|mechanics|during|inhalation,MATCHED
runtime-data,biology-2,question,biology-2-animal-physiology-i-0007,content/biology-2/questions/biology-2-animal-physiology-i-0007.json,animal-physiology-i,mechanical|versus|chemical|digestion,MATCHED
runtime-data,biology-2,question,biology-2-animal-physiology-i-0008,content/biology-2/questions/biology-2-animal-physiology-i-0008.json,animal-physiology-i,role|bile|fat|digestion,MATCHED
runtime-data,biology-2,question,biology-2-animal-physiology-i-0009,content/biology-2/questions/biology-2-animal-physiology-i-0009.json,animal-physiology-i,villi|absorption,MATCHED
runtime-data,biology-2,question,biology-2-animal-physiology-i-0010,content/biology-2/questions/biology-2-animal-physiology-i-0010.json,animal-physiology-i,path|filtrate|through|nephron,MATCHED
runtime-data,biology-2,question,biology-2-animal-physiology-i-0011,content/biology-2/questions/biology-2-animal-physiology-i-0011.json,animal-physiology-i,nitrogenous|waste|types,MATCHED
runtime-data,biology-2,question,biology-2-animal-physiology-i-0012,content/biology-2/questions/biology-2-animal-physiology-i-0012.json,animal-physiology-i,adh|water|reabsorption,MATCHED
runtime-data,biology-2,question,biology-2-animal-physiology-ii-0001,content/biology-2/questions/biology-2-animal-physiology-ii-0001.json,animal-physiology-ii,neuron|structure|signal|direction,MATCHED
runtime-data,biology-2,question,biology-2-animal-physiology-ii-0002,content/biology-2/questions/biology-2-animal-physiology-ii-0002.json,animal-physiology-ii,maintaining|resting|membrane|potential,MATCHED
runtime-data,biology-2,question,biology-2-animal-physiology-ii-0003,content/biology-2/questions/biology-2-animal-physiology-ii-0003.json,animal-physiology-ii,what|happens|at|threshold,MATCHED
runtime-data,biology-2,question,biology-2-animal-physiology-ii-0004,content/biology-2/questions/biology-2-animal-physiology-ii-0004.json,animal-physiology-ii,how|action|potentials|propagate,MATCHED
runtime-data,biology-2,question,biology-2-animal-physiology-ii-0005,content/biology-2/questions/biology-2-animal-physiology-ii-0005.json,animal-physiology-ii,clearing|synaptic|cleft,MATCHED
runtime-data,biology-2,question,biology-2-animal-physiology-ii-0006,content/biology-2/questions/biology-2-animal-physiology-ii-0006.json,animal-physiology-ii,excitatory|inhibitory|signals,MATCHED
runtime-data,biology-2,question,biology-2-animal-physiology-ii-0007,content/biology-2/questions/biology-2-animal-physiology-ii-0007.json,animal-physiology-ii,somatic|autonomic|control,MATCHED
runtime-data,biology-2,question,biology-2-animal-physiology-ii-0008,content/biology-2/questions/biology-2-animal-physiology-ii-0008.json,animal-physiology-ii,brain|region|functions,MATCHED
runtime-data,biology-2,question,biology-2-animal-physiology-ii-0009,content/biology-2/questions/biology-2-animal-physiology-ii-0009.json,animal-physiology-ii,peptide|steroid|hormone|signaling,MATCHED
runtime-data,biology-2,question,biology-2-animal-physiology-ii-0010,content/biology-2/questions/biology-2-animal-physiology-ii-0010.json,animal-physiology-ii,insulin|glucagon|feedback,MATCHED
runtime-data,biology-2,question,biology-2-animal-physiology-ii-0011,content/biology-2/questions/biology-2-animal-physiology-ii-0011.json,animal-physiology-ii,how|antibodies|neutralize|pathogens,MATCHED
runtime-data,biology-2,question,biology-2-animal-physiology-ii-0012,content/biology-2/questions/biology-2-animal-physiology-ii-0012.json,animal-physiology-ii,vaccination|memory|cells,MATCHED
runtime-data,biology-2,question,biology-2-reproduction-and-development-0001,content/biology-2/questions/biology-2-reproduction-and-development-0001.json,reproduction-and-development,what|asexual|reproduction|loses,MATCHED
runtime-data,biology-2,question,biology-2-reproduction-and-development-0002,content/biology-2/questions/biology-2-reproduction-and-development-0002.json,reproduction-and-development,parthenogenesis|bees,MATCHED
runtime-data,biology-2,question,biology-2-reproduction-and-development-0003,content/biology-2/questions/biology-2-reproduction-and-development-0003.json,reproduction-and-development,budding|versus|fragmentation,MATCHED
runtime-data,biology-2,question,biology-2-reproduction-and-development-0004,content/biology-2/questions/biology-2-reproduction-and-development-0004.json,reproduction-and-development,spermatogenesis|versus|oogenesis,MATCHED
runtime-data,biology-2,question,biology-2-reproduction-and-development-0005,content/biology-2/questions/biology-2-reproduction-and-development-0005.json,reproduction-and-development,when|external|fertilization|wins,MATCHED
runtime-data,biology-2,question,biology-2-reproduction-and-development-0006,content/biology-2/questions/biology-2-reproduction-and-development-0006.json,reproduction-and-development,what|happens|during|cleavage,MATCHED
runtime-data,biology-2,question,biology-2-reproduction-and-development-0007,content/biology-2/questions/biology-2-reproduction-and-development-0007.json,reproduction-and-development,germ|layer|that|makes|muscle,MATCHED
runtime-data,biology-2,question,biology-2-reproduction-and-development-0008,content/biology-2/questions/biology-2-reproduction-and-development-0008.json,reproduction-and-development,tracing|cells|their|germ|layer,MATCHED
runtime-data,biology-2,question,biology-2-reproduction-and-development-0009,content/biology-2/questions/biology-2-reproduction-and-development-0009.json,reproduction-and-development,when|neural|tube|fails|close,MATCHED
runtime-data,biology-2,question,biology-2-reproduction-and-development-0010,content/biology-2/questions/biology-2-reproduction-and-development-0010.json,reproduction-and-development,spemann|organizer|experiment,MATCHED
runtime-data,biology-2,question,biology-2-reproduction-and-development-0011,content/biology-2/questions/biology-2-reproduction-and-development-0011.json,reproduction-and-development,what|amnion|surrounds,MATCHED
runtime-data,biology-2,question,biology-2-reproduction-and-development-0012,content/biology-2/questions/biology-2-reproduction-and-development-0012.json,reproduction-and-development,placenta|takes|over,MATCHED
runtime-data,biology-2,question,biology-2-population-and-community-ecology-0001,content/biology-2/questions/biology-2-population-and-community-ecology-0001.json,population-and-community-ecology,survivorship|curves,MATCHED
runtime-data,biology-2,question,biology-2-population-and-community-ecology-0002,content/biology-2/questions/biology-2-population-and-community-ecology-0002.json,population-and-community-ecology,exponential|growth|calculation,MATCHED
runtime-data,biology-2,question,biology-2-population-and-community-ecology-0003,content/biology-2/questions/biology-2-population-and-community-ecology-0003.json,population-and-community-ecology,logistic|growth|calculation,MATCHED
runtime-data,biology-2,question,biology-2-population-and-community-ecology-0004,content/biology-2/questions/biology-2-population-and-community-ecology-0004.json,population-and-community-ecology,population|at|carrying|capacity,MATCHED
runtime-data,biology-2,question,biology-2-population-and-community-ecology-0005,content/biology-2/questions/biology-2-population-and-community-ecology-0005.json,population-and-community-ecology,density|dependent|factors,MATCHED
runtime-data,biology-2,question,biology-2-population-and-community-ecology-0006,content/biology-2/questions/biology-2-population-and-community-ecology-0006.json,population-and-community-ecology,selected|species,MATCHED
runtime-data,biology-2,question,biology-2-population-and-community-ecology-0007,content/biology-2/questions/biology-2-population-and-community-ecology-0007.json,population-and-community-ecology,age|structure|prediction,MATCHED
runtime-data,biology-2,question,biology-2-population-and-community-ecology-0008,content/biology-2/questions/biology-2-population-and-community-ecology-0008.json,population-and-community-ecology,resource|partitioning,MATCHED
runtime-data,biology-2,question,biology-2-population-and-community-ecology-0009,content/biology-2/questions/biology-2-population-and-community-ecology-0009.json,population-and-community-ecology,fundamental|versus|realized|niche,MATCHED
runtime-data,biology-2,question,biology-2-population-and-community-ecology-0010,content/biology-2/questions/biology-2-population-and-community-ecology-0010.json,population-and-community-ecology,predator|defense|mimicry,MATCHED
runtime-data,biology-2,question,biology-2-population-and-community-ecology-0011,content/biology-2/questions/biology-2-population-and-community-ecology-0011.json,population-and-community-ecology,commensalism|example,MATCHED
runtime-data,biology-2,question,biology-2-population-and-community-ecology-0012,content/biology-2/questions/biology-2-population-and-community-ecology-0012.json,population-and-community-ecology,secondary|succession,MATCHED
runtime-data,biology-2,question,biology-2-ecosystem-and-conservation-ecology-0001,content/biology-2/questions/biology-2-ecosystem-and-conservation-ecology-0001.json,ecosystem-and-conservation-ecology,gross|net|primary|productivity,MATCHED
runtime-data,biology-2,question,biology-2-ecosystem-and-conservation-ecology-0002,content/biology-2/questions/biology-2-ecosystem-and-conservation-ecology-0002.json,ecosystem-and-conservation-ecology,10|percent|rule|grassland,MATCHED
runtime-data,biology-2,question,biology-2-ecosystem-and-conservation-ecology-0003,content/biology-2/questions/biology-2-ecosystem-and-conservation-ecology-0003.json,ecosystem-and-conservation-ecology,why|biomass|pyramids|narrow,MATCHED
runtime-data,biology-2,question,biology-2-ecosystem-and-conservation-ecology-0004,content/biology-2/questions/biology-2-ecosystem-and-conservation-ecology-0004.json,ecosystem-and-conservation-ecology,denitrification|closes|nitrogen|cycle,MATCHED
runtime-data,biology-2,question,biology-2-ecosystem-and-conservation-ecology-0005,content/biology-2/questions/biology-2-ecosystem-and-conservation-ecology-0005.json,ecosystem-and-conservation-ecology,largest|carbon|reservoir|on|earth,MATCHED
runtime-data,biology-2,question,biology-2-ecosystem-and-conservation-ecology-0006,content/biology-2/questions/biology-2-ecosystem-and-conservation-ecology-0006.json,ecosystem-and-conservation-ecology,phosphorus|cycle|without|gaseous|phase,MATCHED
runtime-data,biology-2,question,biology-2-ecosystem-and-conservation-ecology-0007,content/biology-2/questions/biology-2-ecosystem-and-conservation-ecology-0007.json,ecosystem-and-conservation-ecology,water|cycle|at|work,MATCHED
runtime-data,biology-2,question,biology-2-ecosystem-and-conservation-ecology-0008,content/biology-2/questions/biology-2-ecosystem-and-conservation-ecology-0008.json,ecosystem-and-conservation-ecology,tropical|rainforest|climate|canopy,MATCHED
runtime-data,biology-2,question,biology-2-ecosystem-and-conservation-ecology-0009,content/biology-2/questions/biology-2-ecosystem-and-conservation-ecology-0009.json,ecosystem-and-conservation-ecology,tundra|permafrost|vegetation,MATCHED
runtime-data,biology-2,question,biology-2-ecosystem-and-conservation-ecology-0010,content/biology-2/questions/biology-2-ecosystem-and-conservation-ecology-0010.json,ecosystem-and-conservation-ecology,estuaries|where|rivers|meet|sea,MATCHED
runtime-data,biology-2,question,biology-2-ecosystem-and-conservation-ecology-0011,content/biology-2/questions/biology-2-ecosystem-and-conservation-ecology-0011.json,ecosystem-and-conservation-ecology,invasive|fish|lake,MATCHED
runtime-data,biology-2,question,biology-2-ecosystem-and-conservation-ecology-0012,content/biology-2/questions/biology-2-ecosystem-and-conservation-ecology-0012.json,ecosystem-and-conservation-ecology,seed|banks|as|ex|situ|conservation,MATCHED
runtime-data,organic-chemistry-1,subject-summary,organic-chemistry-1,,,lessons=1|notes=0|questions=12|assets=0|tags=47,MATCHED
runtime-data,organic-chemistry-1,lesson,organic-chemistry-1-organic-chemistry-and-functional-groups,,organic-chemistry-and-functional-groups,,MATCHED
runtime-data,organic-chemistry-1,question,organic-chemistry-1-organic-chemistry-and-functional-groups-q01,content/organic-chemistry-1/questions/organic-chemistry-1-organic-chemistry-and-functional-groups-q01.json,organic-chemistry-and-functional-groups,functional groups|carboxylic acid|carbonyl|hydroxyl,MATCHED
runtime-data,organic-chemistry-1,question,organic-chemistry-1-organic-chemistry-and-functional-groups-q02,content/organic-chemistry-1/questions/organic-chemistry-1-organic-chemistry-and-functional-groups-q02.json,organic-chemistry-and-functional-groups,alkanes|saturated hydrocarbons|general formula CnH2n+2|hydrocarbon classes,MATCHED
runtime-data,organic-chemistry-1,question,organic-chemistry-1-organic-chemistry-and-functional-groups-q03,content/organic-chemistry-1/questions/organic-chemistry-1-organic-chemistry-and-functional-groups-q03.json,organic-chemistry-and-functional-groups,structural isomers|molecular formula|organic nomenclature|homologous series,MATCHED
runtime-data,organic-chemistry-1,question,organic-chemistry-1-organic-chemistry-and-functional-groups-q04,content/organic-chemistry-1/questions/organic-chemistry-1-organic-chemistry-and-functional-groups-q04.json,organic-chemistry-and-functional-groups,carboxylic acid acidity|resonance stabilization|conjugate base stability|pKa comparison,MATCHED
runtime-data,organic-chemistry-1,question,organic-chemistry-1-organic-chemistry-and-functional-groups-q05,content/organic-chemistry-1/questions/organic-chemistry-1-organic-chemistry-and-functional-groups-q05.json,organic-chemistry-and-functional-groups,hydrogen bonding|intermolecular forces|alcohols versus alkanes|boiling point,MATCHED
runtime-data,organic-chemistry-1,question,organic-chemistry-1-organic-chemistry-and-functional-groups-q06,content/organic-chemistry-1/questions/organic-chemistry-1-organic-chemistry-and-functional-groups-q06.json,organic-chemistry-and-functional-groups,amines as bases|protonation|Henderson-Hasselbalch|solubility of salts,MATCHED
runtime-data,organic-chemistry-1,question,organic-chemistry-1-organic-chemistry-and-functional-groups-q07,content/organic-chemistry-1/questions/organic-chemistry-1-organic-chemistry-and-functional-groups-q07.json,organic-chemistry-and-functional-groups,esters|condensation reaction|hydrolysis|dehydration synthesis,MATCHED
runtime-data,organic-chemistry-1,question,organic-chemistry-1-organic-chemistry-and-functional-groups-q08,content/organic-chemistry-1/questions/organic-chemistry-1-organic-chemistry-and-functional-groups-q08.json,organic-chemistry-and-functional-groups,functional group identification|hydroxyl|carboxyl|condensed structural formulas,MATCHED
runtime-data,organic-chemistry-1,question,organic-chemistry-1-organic-chemistry-and-functional-groups-q09,content/organic-chemistry-1/questions/organic-chemistry-1-organic-chemistry-and-functional-groups-q09.json,organic-chemistry-and-functional-groups,amide bond|peptide bond|condensation|amino acids,MATCHED
runtime-data,organic-chemistry-1,question,organic-chemistry-1-organic-chemistry-and-functional-groups-q10,content/organic-chemistry-1/questions/organic-chemistry-1-organic-chemistry-and-functional-groups-q10.json,organic-chemistry-and-functional-groups,solubility prediction|polarity|hydrophobic effect|alcohols,MATCHED
runtime-data,organic-chemistry-1,question,organic-chemistry-1-organic-chemistry-and-functional-groups-q11,content/organic-chemistry-1/questions/organic-chemistry-1-organic-chemistry-and-functional-groups-q11.json,organic-chemistry-and-functional-groups,alcohol oxidation|primary versus secondary versus tertiary alcohols|ketones versus aldehydes|carbinol carbon,MATCHED
runtime-data,organic-chemistry-1,question,organic-chemistry-1-organic-chemistry-and-functional-groups-q12,content/organic-chemistry-1/questions/organic-chemistry-1-organic-chemistry-and-functional-groups-q12.json,organic-chemistry-and-functional-groups,degrees of unsaturation|molecular formula analysis|rings and pi bonds|isomer possibilities,MATCHED
runtime-data,organic-chemistry-2,subject-summary,organic-chemistry-2,,,lessons=0|notes=0|questions=0|assets=0|tags=0,MATCHED
runtime-data,chemistry-1,subject-summary,chemistry-1,,,lessons=5|notes=0|questions=60|assets=0|tags=173,MATCHED
runtime-data,chemistry-1,lesson,chemistry-1-atomic-structure-and-the-periodic-table,,atomic-structure-and-the-periodic-table,,MATCHED
runtime-data,chemistry-1,lesson,chemistry-1-ions-and-electrolytes,,ions-and-electrolytes,,MATCHED
runtime-data,chemistry-1,lesson,chemistry-1-ionic-and-covalent-bonding,,ionic-and-covalent-bonding,,MATCHED
runtime-data,chemistry-1,lesson,chemistry-1-polarity-and-intermolecular-forces,,polarity-and-intermolecular-forces,,MATCHED
runtime-data,chemistry-1,lesson,chemistry-1-chemical-reactions-and-equations,,chemical-reactions-and-equations,,MATCHED
runtime-data,chemistry-1,question,chemistry-1-atomic-structure-and-the-periodic-table-q01,content/chemistry-1/questions/chemistry-1-atomic-structure-and-the-periodic-table-q01.json,atomic-structure-and-the-periodic-table,mass number|atomic number|subatomic particles,MATCHED
runtime-data,chemistry-1,question,chemistry-1-atomic-structure-and-the-periodic-table-q02,content/chemistry-1/questions/chemistry-1-atomic-structure-and-the-periodic-table-q02.json,atomic-structure-and-the-periodic-table,isotopes|neutron number|elemental identity,MATCHED
runtime-data,chemistry-1,question,chemistry-1-atomic-structure-and-the-periodic-table-q03,content/chemistry-1/questions/chemistry-1-atomic-structure-and-the-periodic-table-q03.json,atomic-structure-and-the-periodic-table,groups|valence electrons|periodic trends|reactivity,MATCHED
runtime-data,chemistry-1,question,chemistry-1-atomic-structure-and-the-periodic-table-q04,content/chemistry-1/questions/chemistry-1-atomic-structure-and-the-periodic-table-q04.json,atomic-structure-and-the-periodic-table,subatomic particle masses|nuclear structure|atomic mass unit|atomic model,MATCHED
runtime-data,chemistry-1,question,chemistry-1-atomic-structure-and-the-periodic-table-q05,content/chemistry-1/questions/chemistry-1-atomic-structure-and-the-periodic-table-q05.json,atomic-structure-and-the-periodic-table,principal energy levels|electron capacity|2n^2 rule|orbitals|orbital filling order vs. period length,MATCHED
runtime-data,chemistry-1,question,chemistry-1-atomic-structure-and-the-periodic-table-q06,content/chemistry-1/questions/chemistry-1-atomic-structure-and-the-periodic-table-q06.json,atomic-structure-and-the-periodic-table,atomic radius|effective nuclear charge|periodic trends|shielding,MATCHED
runtime-data,chemistry-1,question,chemistry-1-atomic-structure-and-the-periodic-table-q07,content/chemistry-1/questions/chemistry-1-atomic-structure-and-the-periodic-table-q07.json,atomic-structure-and-the-periodic-table,ion formation|cations|charge balance|electron loss,MATCHED
runtime-data,chemistry-1,question,chemistry-1-atomic-structure-and-the-periodic-table-q08,content/chemistry-1/questions/chemistry-1-atomic-structure-and-the-periodic-table-q08.json,atomic-structure-and-the-periodic-table,isotope notation|neutron calculation|ionic charge|electron count,MATCHED
runtime-data,chemistry-1,question,chemistry-1-atomic-structure-and-the-periodic-table-q09,content/chemistry-1/questions/chemistry-1-atomic-structure-and-the-periodic-table-q09.json,atomic-structure-and-the-periodic-table,electron configuration|periodic placement|ion prediction|alkaline earth metals,MATCHED
runtime-data,chemistry-1,question,chemistry-1-atomic-structure-and-the-periodic-table-q10,content/chemistry-1/questions/chemistry-1-atomic-structure-and-the-periodic-table-q10.json,atomic-structure-and-the-periodic-table,weighted average atomic mass|percent abundance|data interpretation|isotopes,MATCHED
runtime-data,chemistry-1,question,chemistry-1-atomic-structure-and-the-periodic-table-q11,content/chemistry-1/questions/chemistry-1-atomic-structure-and-the-periodic-table-q11.json,atomic-structure-and-the-periodic-table,ionization energy|shielding|effective nuclear charge|group trends,MATCHED
runtime-data,chemistry-1,question,chemistry-1-atomic-structure-and-the-periodic-table-q12,content/chemistry-1/questions/chemistry-1-atomic-structure-and-the-periodic-table-q12.json,atomic-structure-and-the-periodic-table,isotopes|nuclear stability|chemical versus nuclear properties|elemental identity,MATCHED
runtime-data,chemistry-1,question,chemistry-1-ions-and-electrolytes-q01,content/chemistry-1/questions/chemistry-1-ions-and-electrolytes-q01.json,ions-and-electrolytes,cation formation|charge = protons minus electrons|ion terminology,MATCHED
runtime-data,chemistry-1,question,chemistry-1-ions-and-electrolytes-q02,content/chemistry-1/questions/chemistry-1-ions-and-electrolytes-q02.json,ions-and-electrolytes,strong electrolytes|dissociation stoichiometry|conductivity,MATCHED
runtime-data,chemistry-1,question,chemistry-1-ions-and-electrolytes-q03,content/chemistry-1/questions/chemistry-1-ions-and-electrolytes-q03.json,ions-and-electrolytes,principal extracellular cation|serum reference intervals|midpoint of a range,MATCHED
runtime-data,chemistry-1,question,chemistry-1-ions-and-electrolytes-q04,content/chemistry-1/questions/chemistry-1-ions-and-electrolytes-q04.json,ions-and-electrolytes,ionic conduction|hydration of ions|percent w/v to g/L,MATCHED
runtime-data,chemistry-1,question,chemistry-1-ions-and-electrolytes-q05,content/chemistry-1/questions/chemistry-1-ions-and-electrolytes-q05.json,ions-and-electrolytes,electrolyte vs nonelectrolyte|dissociation particle count|colligative particle counting,MATCHED
runtime-data,chemistry-1,question,chemistry-1-ions-and-electrolytes-q06,content/chemistry-1/questions/chemistry-1-ions-and-electrolytes-q06.json,ions-and-electrolytes,concentration and conductivity|molarity|strong electrolyte behavior,MATCHED
runtime-data,chemistry-1,question,chemistry-1-ions-and-electrolytes-q07,content/chemistry-1/questions/chemistry-1-ions-and-electrolytes-q07.json,ions-and-electrolytes,milliequivalents vs millimoles|ionic valence|charge-based units,MATCHED
runtime-data,chemistry-1,question,chemistry-1-ions-and-electrolytes-q08,content/chemistry-1/questions/chemistry-1-ions-and-electrolytes-q08.json,ions-and-electrolytes,mol/L to mEq/L conversion|monovalent ions|metric prefix conversion,MATCHED
runtime-data,chemistry-1,question,chemistry-1-ions-and-electrolytes-q09,content/chemistry-1/questions/chemistry-1-ions-and-electrolytes-q09.json,ions-and-electrolytes,valence weighting of charge|divalent vs monovalent cations|comparing mEq/L contributions,MATCHED
runtime-data,chemistry-1,question,chemistry-1-ions-and-electrolytes-q10,content/chemistry-1/questions/chemistry-1-ions-and-electrolytes-q10.json,ions-and-electrolytes,anion gap|electroneutrality|unmeasured anions,MATCHED
runtime-data,chemistry-1,question,chemistry-1-ions-and-electrolytes-q11,content/chemistry-1/questions/chemistry-1-ions-and-electrolytes-q11.json,ions-and-electrolytes,osmolarity vs molarity|dissociation factor|particle count vs charge,MATCHED
runtime-data,chemistry-1,question,chemistry-1-ions-and-electrolytes-q12,content/chemistry-1/questions/chemistry-1-ions-and-electrolytes-q12.json,ions-and-electrolytes,electroneutrality|valence weighting|charge balance calculation,MATCHED
runtime-data,chemistry-1,question,chemistry-1-ionic-and-covalent-bonding-q01,content/chemistry-1/questions/chemistry-1-ionic-and-covalent-bonding-q01.json,ionic-and-covalent-bonding,ionic bonding|electron transfer|ion charge|electrostatic attraction,MATCHED
runtime-data,chemistry-1,question,chemistry-1-ionic-and-covalent-bonding-q02,content/chemistry-1/questions/chemistry-1-ionic-and-covalent-bonding-q02.json,ionic-and-covalent-bonding,covalent bonding|shared electron pair|bond definitions,MATCHED
runtime-data,chemistry-1,question,chemistry-1-ionic-and-covalent-bonding-q03,content/chemistry-1/questions/chemistry-1-ionic-and-covalent-bonding-q03.json,ionic-and-covalent-bonding,classifying compounds|ionic versus molecular|formula units,MATCHED
runtime-data,chemistry-1,question,chemistry-1-ionic-and-covalent-bonding-q04,content/chemistry-1/questions/chemistry-1-ionic-and-covalent-bonding-q04.json,ionic-and-covalent-bonding,lattice energy|melting point trends|intermolecular versus intramolecular forces,MATCHED
runtime-data,chemistry-1,question,chemistry-1-ionic-and-covalent-bonding-q05,content/chemistry-1/questions/chemistry-1-ionic-and-covalent-bonding-q05.json,ionic-and-covalent-bonding,electronegativity difference|polar covalent bonds|partial charges,MATCHED
runtime-data,chemistry-1,question,chemistry-1-ionic-and-covalent-bonding-q06,content/chemistry-1/questions/chemistry-1-ionic-and-covalent-bonding-q06.json,ionic-and-covalent-bonding,octet rule|valence electrons|predicting number of covalent bonds|lone pairs,MATCHED
runtime-data,chemistry-1,question,chemistry-1-ionic-and-covalent-bonding-q07,content/chemistry-1/questions/chemistry-1-ionic-and-covalent-bonding-q07.json,ionic-and-covalent-bonding,electrolytes|ion mobility|dissociation|conductivity,MATCHED
runtime-data,chemistry-1,question,chemistry-1-ionic-and-covalent-bonding-q08,content/chemistry-1/questions/chemistry-1-ionic-and-covalent-bonding-q08.json,ionic-and-covalent-bonding,bond dipoles versus molecular dipole|molecular geometry|multiple bonds,MATCHED
runtime-data,chemistry-1,question,chemistry-1-ionic-and-covalent-bonding-q09,content/chemistry-1/questions/chemistry-1-ionic-and-covalent-bonding-q09.json,ionic-and-covalent-bonding,charge balance|ionic formula writing|crossover rule,MATCHED
runtime-data,chemistry-1,question,chemistry-1-ionic-and-covalent-bonding-q10,content/chemistry-1/questions/chemistry-1-ionic-and-covalent-bonding-q10.json,ionic-and-covalent-bonding,predicting bond type|electronegativity difference|ionic character,MATCHED
runtime-data,chemistry-1,question,chemistry-1-ionic-and-covalent-bonding-q11,content/chemistry-1/questions/chemistry-1-ionic-and-covalent-bonding-q11.json,ionic-and-covalent-bonding,bond energy comparison|hydrogen bonding|intermolecular versus intramolecular|phase change,MATCHED
runtime-data,chemistry-1,question,chemistry-1-ionic-and-covalent-bonding-q12,content/chemistry-1/questions/chemistry-1-ionic-and-covalent-bonding-q12.json,ionic-and-covalent-bonding,polyatomic ions|mixed ionic and covalent bonding|formula unit composition,MATCHED
runtime-data,chemistry-1,question,chemistry-1-polarity-and-intermolecular-forces-q01,content/chemistry-1/questions/chemistry-1-polarity-and-intermolecular-forces-q01.json,polarity-and-intermolecular-forces,electronegativity|polar covalent bond|partial charges,MATCHED
runtime-data,chemistry-1,question,chemistry-1-polarity-and-intermolecular-forces-q02,content/chemistry-1/questions/chemistry-1-polarity-and-intermolecular-forces-q02.json,polarity-and-intermolecular-forces,London dispersion forces|polarizability|universal intermolecular forces,MATCHED
runtime-data,chemistry-1,question,chemistry-1-polarity-and-intermolecular-forces-q03,content/chemistry-1/questions/chemistry-1-polarity-and-intermolecular-forces-q03.json,polarity-and-intermolecular-forces,hydrogen bonding|electronegativity and atomic size|donor atoms,MATCHED
runtime-data,chemistry-1,question,chemistry-1-polarity-and-intermolecular-forces-q04,content/chemistry-1/questions/chemistry-1-polarity-and-intermolecular-forces-q04.json,polarity-and-intermolecular-forces,intermolecular vs intramolecular forces|hydrogen bonding|phase change energetics,MATCHED
runtime-data,chemistry-1,question,chemistry-1-polarity-and-intermolecular-forces-q05,content/chemistry-1/questions/chemistry-1-polarity-and-intermolecular-forces-q05.json,polarity-and-intermolecular-forces,bond dipole vs molecular dipole|molecular geometry|vector cancellation,MATCHED
runtime-data,chemistry-1,question,chemistry-1-polarity-and-intermolecular-forces-q06,content/chemistry-1/questions/chemistry-1-polarity-and-intermolecular-forces-q06.json,polarity-and-intermolecular-forces,polarizability|dispersion force trends|physical state and electron count,MATCHED
runtime-data,chemistry-1,question,chemistry-1-polarity-and-intermolecular-forces-q07,content/chemistry-1/questions/chemistry-1-polarity-and-intermolecular-forces-q07.json,polarity-and-intermolecular-forces,ion-dipole forces|dissolution of ionic compounds|hydration shell,MATCHED
runtime-data,chemistry-1,question,chemistry-1-polarity-and-intermolecular-forces-q08,content/chemistry-1/questions/chemistry-1-polarity-and-intermolecular-forces-q08.json,polarity-and-intermolecular-forces,like dissolves like|solubility prediction|polarity and solvation,MATCHED
runtime-data,chemistry-1,question,chemistry-1-polarity-and-intermolecular-forces-q09,content/chemistry-1/questions/chemistry-1-polarity-and-intermolecular-forces-q09.json,polarity-and-intermolecular-forces,hydrogen bond donors and acceptors|structural isomers|boiling point comparison,MATCHED
runtime-data,chemistry-1,question,chemistry-1-polarity-and-intermolecular-forces-q10,content/chemistry-1/questions/chemistry-1-polarity-and-intermolecular-forces-q10.json,polarity-and-intermolecular-forces,evaporation rate|vapor pressure|enthalpy of vaporization,MATCHED
runtime-data,chemistry-1,question,chemistry-1-polarity-and-intermolecular-forces-q11,content/chemistry-1/questions/chemistry-1-polarity-and-intermolecular-forces-q11.json,polarity-and-intermolecular-forces,amphipathic molecules|hydrophobic effect|membrane self-assembly,MATCHED
runtime-data,chemistry-1,question,chemistry-1-polarity-and-intermolecular-forces-q12,content/chemistry-1/questions/chemistry-1-polarity-and-intermolecular-forces-q12.json,polarity-and-intermolecular-forces,additivity of intermolecular forces|dispersion vs dipole-dipole|quantitative interpretation,MATCHED
runtime-data,chemistry-1,question,chemistry-1-chemical-reactions-and-equations-q01,content/chemistry-1/questions/chemistry-1-chemical-reactions-and-equations-q01.json,chemical-reactions-and-equations,conservation of mass|chemical reaction basics|closed system,MATCHED
runtime-data,chemistry-1,question,chemistry-1-chemical-reactions-and-equations-q02,content/chemistry-1/questions/chemistry-1-chemical-reactions-and-equations-q02.json,chemical-reactions-and-equations,balancing equations|coefficients|atom inventory,MATCHED
runtime-data,chemistry-1,question,chemistry-1-chemical-reactions-and-equations-q03,content/chemistry-1/questions/chemistry-1-chemical-reactions-and-equations-q03.json,chemical-reactions-and-equations,reaction types|decomposition|classifying equations,MATCHED
runtime-data,chemistry-1,question,chemistry-1-chemical-reactions-and-equations-q04,content/chemistry-1/questions/chemistry-1-chemical-reactions-and-equations-q04.json,chemical-reactions-and-equations,subscripts vs coefficients|chemical formulas|balancing rules,MATCHED
runtime-data,chemistry-1,question,chemistry-1-chemical-reactions-and-equations-q05,content/chemistry-1/questions/chemistry-1-chemical-reactions-and-equations-q05.json,chemical-reactions-and-equations,mole ratio|stoichiometry|combustion reactions,MATCHED
runtime-data,chemistry-1,question,chemistry-1-chemical-reactions-and-equations-q06,content/chemistry-1/questions/chemistry-1-chemical-reactions-and-equations-q06.json,chemical-reactions-and-equations,neutralization|mole ratio|acid-base stoichiometry,MATCHED
runtime-data,chemistry-1,question,chemistry-1-chemical-reactions-and-equations-q07,content/chemistry-1/questions/chemistry-1-chemical-reactions-and-equations-q07.json,chemical-reactions-and-equations,net ionic equations|spectator ions|precipitation reactions,MATCHED
runtime-data,chemistry-1,question,chemistry-1-chemical-reactions-and-equations-q08,content/chemistry-1/questions/chemistry-1-chemical-reactions-and-equations-q08.json,chemical-reactions-and-equations,limiting reactant|excess reactant|mole ratio,MATCHED
runtime-data,chemistry-1,question,chemistry-1-chemical-reactions-and-equations-q09,content/chemistry-1/questions/chemistry-1-chemical-reactions-and-equations-q09.json,chemical-reactions-and-equations,percent yield|theoretical vs actual yield|reaction efficiency,MATCHED
runtime-data,chemistry-1,question,chemistry-1-chemical-reactions-and-equations-q10,content/chemistry-1/questions/chemistry-1-chemical-reactions-and-equations-q10.json,chemical-reactions-and-equations,mole to mass conversion|mole ratio|decomposition stoichiometry,MATCHED
runtime-data,chemistry-1,question,chemistry-1-chemical-reactions-and-equations-q11,content/chemistry-1/questions/chemistry-1-chemical-reactions-and-equations-q11.json,chemical-reactions-and-equations,balancing combustion equations|fractional coefficients|atom inventory,MATCHED
runtime-data,chemistry-1,question,chemistry-1-chemical-reactions-and-equations-q12,content/chemistry-1/questions/chemistry-1-chemical-reactions-and-equations-q12.json,chemical-reactions-and-equations,limiting reactant|theoretical yield|mole to mass conversion,MATCHED
runtime-data,chemistry-2,subject-summary,chemistry-2,,,lessons=4|notes=0|questions=48|assets=0|tags=134,MATCHED
runtime-data,chemistry-2,lesson,chemistry-2-moles-and-molar-mass,,moles-and-molar-mass,,MATCHED
runtime-data,chemistry-2,lesson,chemistry-2-solutions-and-concentration,,solutions-and-concentration,,MATCHED
runtime-data,chemistry-2,lesson,chemistry-2-acids-bases-and-ph,,acids-bases-and-ph,,MATCHED
runtime-data,chemistry-2,lesson,chemistry-2-buffers-and-physiologic-chemistry,,buffers-and-physiologic-chemistry,,MATCHED
runtime-data,chemistry-2,question,chemistry-2-moles-and-molar-mass-q01,content/chemistry-2/questions/chemistry-2-moles-and-molar-mass-q01.json,moles-and-molar-mass,molar mass|mole definition|amu to gram relationship,MATCHED
runtime-data,chemistry-2,question,chemistry-2-moles-and-molar-mass-q02,content/chemistry-2/questions/chemistry-2-moles-and-molar-mass-q02.json,moles-and-molar-mass,Avogadro's number|representative particles|mole definition,MATCHED
runtime-data,chemistry-2,question,chemistry-2-moles-and-molar-mass-q03,content/chemistry-2/questions/chemistry-2-moles-and-molar-mass-q03.json,moles-and-molar-mass,mass to mole conversion|dimensional analysis|molar mass,MATCHED
runtime-data,chemistry-2,question,chemistry-2-moles-and-molar-mass-q04,content/chemistry-2/questions/chemistry-2-moles-and-molar-mass-q04.json,moles-and-molar-mass,inverse relationship of mass and molar mass|mole comparison|particle counting,MATCHED
runtime-data,chemistry-2,question,chemistry-2-moles-and-molar-mass-q05,content/chemistry-2/questions/chemistry-2-moles-and-molar-mass-q05.json,moles-and-molar-mass,isotopes|weighted average atomic mass|periodic table interpretation,MATCHED
runtime-data,chemistry-2,question,chemistry-2-moles-and-molar-mass-q06,content/chemistry-2/questions/chemistry-2-moles-and-molar-mass-q06.json,moles-and-molar-mass,representative particle|diatomic molecules|mole to atom conversion,MATCHED
runtime-data,chemistry-2,question,chemistry-2-moles-and-molar-mass-q07,content/chemistry-2/questions/chemistry-2-moles-and-molar-mass-q07.json,moles-and-molar-mass,purpose of the mole|macroscopic to microscopic bridge|mole to mass conversion,MATCHED
runtime-data,chemistry-2,question,chemistry-2-moles-and-molar-mass-q08,content/chemistry-2/questions/chemistry-2-moles-and-molar-mass-q08.json,moles-and-molar-mass,mass to particle conversion|two-step mole calculation|Avogadro's number,MATCHED
runtime-data,chemistry-2,question,chemistry-2-moles-and-molar-mass-q09,content/chemistry-2/questions/chemistry-2-moles-and-molar-mass-q09.json,moles-and-molar-mass,mole to mass conversion|molar mass application|estimation check,MATCHED
runtime-data,chemistry-2,question,chemistry-2-moles-and-molar-mass-q10,content/chemistry-2/questions/chemistry-2-moles-and-molar-mass-q10.json,moles-and-molar-mass,mole ratios from formulas|ionic dissociation|subscripts as ratios,MATCHED
runtime-data,chemistry-2,question,chemistry-2-moles-and-molar-mass-q11,content/chemistry-2/questions/chemistry-2-moles-and-molar-mass-q11.json,moles-and-molar-mass,experimental molar mass determination|rearranging the mole equation|conceptual meaning of g/mol,MATCHED
runtime-data,chemistry-2,question,chemistry-2-moles-and-molar-mass-q12,content/chemistry-2/questions/chemistry-2-moles-and-molar-mass-q12.json,moles-and-molar-mass,molar mass and particle count|atoms per molecule|multi-step comparison,MATCHED
runtime-data,chemistry-2,question,chemistry-2-solutions-and-concentration-q01,content/chemistry-2/questions/chemistry-2-solutions-and-concentration-q01.json,solutions-and-concentration,solute vs solvent|solution composition|mass relationships,MATCHED
runtime-data,chemistry-2,question,chemistry-2-solutions-and-concentration-q02,content/chemistry-2/questions/chemistry-2-solutions-and-concentration-q02.json,solutions-and-concentration,molarity definition|moles per liter|molarity vs molality,MATCHED
runtime-data,chemistry-2,question,chemistry-2-solutions-and-concentration-q03,content/chemistry-2/questions/chemistry-2-solutions-and-concentration-q03.json,solutions-and-concentration,percent mass/volume|concentration units|unit conversion,MATCHED
runtime-data,chemistry-2,question,chemistry-2-solutions-and-concentration-q04,content/chemistry-2/questions/chemistry-2-solutions-and-concentration-q04.json,solutions-and-concentration,dilution|M1V1 = M2V2|conservation of solute,MATCHED
runtime-data,chemistry-2,question,chemistry-2-solutions-and-concentration-q05,content/chemistry-2/questions/chemistry-2-solutions-and-concentration-q05.json,solutions-and-concentration,saturation|solubility as a ratio|saturated vs supersaturated,MATCHED
runtime-data,chemistry-2,question,chemistry-2-solutions-and-concentration-q06,content/chemistry-2/questions/chemistry-2-solutions-and-concentration-q06.json,solutions-and-concentration,Henry's law|gas solubility|pressure effects,MATCHED
runtime-data,chemistry-2,question,chemistry-2-solutions-and-concentration-q07,content/chemistry-2/questions/chemistry-2-solutions-and-concentration-q07.json,solutions-and-concentration,osmolarity vs molarity|electrolyte dissociation|dissolved particle count,MATCHED
runtime-data,chemistry-2,question,chemistry-2-solutions-and-concentration-q08,content/chemistry-2/questions/chemistry-2-solutions-and-concentration-q08.json,solutions-and-concentration,molarity calculations|moles to mass|volume unit conversion,MATCHED
runtime-data,chemistry-2,question,chemistry-2-solutions-and-concentration-q09,content/chemistry-2/questions/chemistry-2-solutions-and-concentration-q09.json,solutions-and-concentration,dilution calculations|stock solutions|dilute to final volume,MATCHED
runtime-data,chemistry-2,question,chemistry-2-solutions-and-concentration-q10,content/chemistry-2/questions/chemistry-2-solutions-and-concentration-q10.json,solutions-and-concentration,parts per million|trace concentration units|mass unit conversion,MATCHED
runtime-data,chemistry-2,question,chemistry-2-solutions-and-concentration-q11,content/chemistry-2/questions/chemistry-2-solutions-and-concentration-q11.json,solutions-and-concentration,mixing solutions|weighted concentration|mole balance,MATCHED
runtime-data,chemistry-2,question,chemistry-2-solutions-and-concentration-q12,content/chemistry-2/questions/chemistry-2-solutions-and-concentration-q12.json,solutions-and-concentration,mg/dL to mmol/L|molar mass conversion|unit analysis,MATCHED
runtime-data,chemistry-2,question,chemistry-2-acids-bases-and-ph-q01,content/chemistry-2/questions/chemistry-2-acids-bases-and-ph-q01.json,acids-bases-and-ph,Brønsted–Lowry theory|acid definition|proton transfer,MATCHED
runtime-data,chemistry-2,question,chemistry-2-acids-bases-and-ph-q02,content/chemistry-2/questions/chemistry-2-acids-bases-and-ph-q02.json,acids-bases-and-ph,logarithmic pH scale|hydronium concentration|order of magnitude,MATCHED
runtime-data,chemistry-2,question,chemistry-2-acids-bases-and-ph-q03,content/chemistry-2/questions/chemistry-2-acids-bases-and-ph-q03.json,acids-bases-and-ph,neutral pH|physiologic pH range|acidic vs alkaline,MATCHED
runtime-data,chemistry-2,question,chemistry-2-acids-bases-and-ph-q04,content/chemistry-2/questions/chemistry-2-acids-bases-and-ph-q04.json,acids-bases-and-ph,pH and pOH relationship|ion product of water|classifying solutions,MATCHED
runtime-data,chemistry-2,question,chemistry-2-acids-bases-and-ph-q05,content/chemistry-2/questions/chemistry-2-acids-bases-and-ph-q05.json,acids-bases-and-ph,strong vs weak acids|degree of ionization|concentration vs strength,MATCHED
runtime-data,chemistry-2,question,chemistry-2-acids-bases-and-ph-q06,content/chemistry-2/questions/chemistry-2-acids-bases-and-ph-q06.json,acids-bases-and-ph,buffer systems|conjugate acid-base pair|bicarbonate buffer|open buffer system,MATCHED
runtime-data,chemistry-2,question,chemistry-2-acids-bases-and-ph-q07,content/chemistry-2/questions/chemistry-2-acids-bases-and-ph-q07.json,acids-bases-and-ph,neutralization|salt formation|acid-base reaction products,MATCHED
runtime-data,chemistry-2,question,chemistry-2-acids-bases-and-ph-q08,content/chemistry-2/questions/chemistry-2-acids-bases-and-ph-q08.json,acids-bases-and-ph,pH to concentration conversion|scientific notation|hydronium ion,MATCHED
runtime-data,chemistry-2,question,chemistry-2-acids-bases-and-ph-q09,content/chemistry-2/questions/chemistry-2-acids-bases-and-ph-q09.json,acids-bases-and-ph,interpreting pH changes|logarithmic scale|inverse pH relationship,MATCHED
runtime-data,chemistry-2,question,chemistry-2-acids-bases-and-ph-q10,content/chemistry-2/questions/chemistry-2-acids-bases-and-ph-q10.json,acids-bases-and-ph,carbonic acid equilibrium|CO2 and pH|Le Chatelier applied to buffers,MATCHED
runtime-data,chemistry-2,question,chemistry-2-acids-bases-and-ph-q11,content/chemistry-2/questions/chemistry-2-acids-bases-and-ph-q11.json,acids-bases-and-ph,buffer selection|pKa and buffering range|Henderson–Hasselbalch reasoning,MATCHED
runtime-data,chemistry-2,question,chemistry-2-acids-bases-and-ph-q12,content/chemistry-2/questions/chemistry-2-acids-bases-and-ph-q12.json,acids-bases-and-ph,Henderson–Hasselbalch equation|buffer ratio and pH|logarithmic reasoning,MATCHED
runtime-data,chemistry-2,question,chemistry-2-buffers-and-physiologic-chemistry-q01,content/chemistry-2/questions/chemistry-2-buffers-and-physiologic-chemistry-q01.json,buffers-and-physiologic-chemistry,buffer definition|pH stability|buffer capacity,MATCHED
runtime-data,chemistry-2,question,chemistry-2-buffers-and-physiologic-chemistry-q02,content/chemistry-2/questions/chemistry-2-buffers-and-physiologic-chemistry-q02.json,buffers-and-physiologic-chemistry,conjugate acid-base pair|weak acid|bicarbonate buffer,MATCHED
runtime-data,chemistry-2,question,chemistry-2-buffers-and-physiologic-chemistry-q03,content/chemistry-2/questions/chemistry-2-buffers-and-physiologic-chemistry-q03.json,buffers-and-physiologic-chemistry,bicarbonate buffer system|extracellular fluid|Henderson-Hasselbalch,MATCHED
runtime-data,chemistry-2,question,chemistry-2-buffers-and-physiologic-chemistry-q04,content/chemistry-2/questions/chemistry-2-buffers-and-physiologic-chemistry-q04.json,buffers-and-physiologic-chemistry,proton acceptor|carbonic anhydrase|open buffer system,MATCHED
runtime-data,chemistry-2,question,chemistry-2-buffers-and-physiologic-chemistry-q05,content/chemistry-2/questions/chemistry-2-buffers-and-physiologic-chemistry-q05.json,buffers-and-physiologic-chemistry,respiratory compensation|renal compensation|response time,MATCHED
runtime-data,chemistry-2,question,chemistry-2-buffers-and-physiologic-chemistry-q06,content/chemistry-2/questions/chemistry-2-buffers-and-physiologic-chemistry-q06.json,buffers-and-physiologic-chemistry,respiratory acidosis|CO2 as volatile acid|Henderson-Hasselbalch ratio,MATCHED
runtime-data,chemistry-2,question,chemistry-2-buffers-and-physiologic-chemistry-q07,content/chemistry-2/questions/chemistry-2-buffers-and-physiologic-chemistry-q07.json,buffers-and-physiologic-chemistry,buffer capacity|pH equals pKa|phosphate buffer,MATCHED
runtime-data,chemistry-2,question,chemistry-2-buffers-and-physiologic-chemistry-q08,content/chemistry-2/questions/chemistry-2-buffers-and-physiologic-chemistry-q08.json,buffers-and-physiologic-chemistry,Henderson-Hasselbalch rearrangement|base-to-acid ratio|normal bicarbonate value,MATCHED
runtime-data,chemistry-2,question,chemistry-2-buffers-and-physiologic-chemistry-q09,content/chemistry-2/questions/chemistry-2-buffers-and-physiologic-chemistry-q09.json,buffers-and-physiologic-chemistry,acid-base interpretation|compensation|anion gap,MATCHED
runtime-data,chemistry-2,question,chemistry-2-buffers-and-physiologic-chemistry-q10,content/chemistry-2/questions/chemistry-2-buffers-and-physiologic-chemistry-q10.json,buffers-and-physiologic-chemistry,Henderson-Hasselbalch|buffer ratio|effect of dilution,MATCHED
runtime-data,chemistry-2,question,chemistry-2-buffers-and-physiologic-chemistry-q11,content/chemistry-2/questions/chemistry-2-buffers-and-physiologic-chemistry-q11.json,buffers-and-physiologic-chemistry,open buffer system|pKa versus physiologic pH|integrated regulation,MATCHED
runtime-data,chemistry-2,question,chemistry-2-buffers-and-physiologic-chemistry-q12,content/chemistry-2/questions/chemistry-2-buffers-and-physiologic-chemistry-q12.json,buffers-and-physiologic-chemistry,metabolic alkalosis|dissolved CO2 conversion|Henderson-Hasselbalch|compensation,MATCHED
runtime-data,physics-1,subject-summary,physics-1,,,lessons=16|notes=16|questions=192|assets=0|tags=364,MATCHED
runtime-data,physics-1,lesson,physics-1-units-measurement-and-dimensional-analysis,,units-measurement-and-dimensional-analysis,,MATCHED
runtime-data,physics-1,lesson,physics-1-kinematics-in-one-dimension,,kinematics-in-one-dimension,,MATCHED
runtime-data,physics-1,lesson,physics-1-kinematics-in-two-dimensions,,kinematics-in-two-dimensions,,MATCHED
runtime-data,physics-1,lesson,physics-1-forces-and-newtons-laws,,forces-and-newtons-laws,,MATCHED
runtime-data,physics-1,lesson,physics-1-work-energy-and-power,,work-energy-and-power,,MATCHED
runtime-data,physics-1,lesson,physics-1-momentum-and-collisions,,momentum-and-collisions,,MATCHED
runtime-data,physics-1,lesson,physics-1-rotational-motion,,rotational-motion,,MATCHED
runtime-data,physics-1,lesson,physics-1-static-equilibrium-and-elasticity,,static-equilibrium-and-elasticity,,MATCHED
runtime-data,physics-1,lesson,physics-1-gravitation,,gravitation,,MATCHED
runtime-data,physics-1,lesson,physics-1-oscillations-and-simple-harmonic-motion,,oscillations-and-simple-harmonic-motion,,MATCHED
runtime-data,physics-1,lesson,physics-1-waves-and-sound,,waves-and-sound,,MATCHED
runtime-data,physics-1,lesson,physics-1-fluid-statics,,fluid-statics,,MATCHED
runtime-data,physics-1,lesson,physics-1-fluid-dynamics,,fluid-dynamics,,MATCHED
runtime-data,physics-1,lesson,physics-1-thermal-physics-and-temperature,,thermal-physics-and-temperature,,MATCHED
runtime-data,physics-1,lesson,physics-1-thermodynamics-i-laws-and-processes,,thermodynamics-i-laws-and-processes,,MATCHED
runtime-data,physics-1,lesson,physics-1-thermodynamics-ii-entropy-and-heat-engines,,thermodynamics-ii-entropy-and-heat-engines,,MATCHED
runtime-data,physics-1,note,physics-1-units-measurement-and-dimensional-analysis,content/physics-1/notes/physics-1-units-measurement-and-dimensional-analysis.md,units-measurement-and-dimensional-analysis,units|measurement|dimensional|analysis,MATCHED
runtime-data,physics-1,note,physics-1-kinematics-in-one-dimension,content/physics-1/notes/physics-1-kinematics-in-one-dimension.md,kinematics-in-one-dimension,kinematics|one|dimension,MATCHED
runtime-data,physics-1,note,physics-1-kinematics-in-two-dimensions,content/physics-1/notes/physics-1-kinematics-in-two-dimensions.md,kinematics-in-two-dimensions,kinematics|two|dimensions,MATCHED
runtime-data,physics-1,note,physics-1-forces-and-newtons-laws,content/physics-1/notes/physics-1-forces-and-newtons-laws.md,forces-and-newtons-laws,forces|newtons|laws,MATCHED
runtime-data,physics-1,note,physics-1-work-energy-and-power,content/physics-1/notes/physics-1-work-energy-and-power.md,work-energy-and-power,work|energy|power,MATCHED
runtime-data,physics-1,note,physics-1-momentum-and-collisions,content/physics-1/notes/physics-1-momentum-and-collisions.md,momentum-and-collisions,momentum|collisions,MATCHED
runtime-data,physics-1,note,physics-1-rotational-motion,content/physics-1/notes/physics-1-rotational-motion.md,rotational-motion,rotational|motion,MATCHED
runtime-data,physics-1,note,physics-1-static-equilibrium-and-elasticity,content/physics-1/notes/physics-1-static-equilibrium-and-elasticity.md,static-equilibrium-and-elasticity,static|equilibrium|elasticity,MATCHED
runtime-data,physics-1,note,physics-1-gravitation,content/physics-1/notes/physics-1-gravitation.md,gravitation,gravitation,MATCHED
runtime-data,physics-1,note,physics-1-oscillations-and-simple-harmonic-motion,content/physics-1/notes/physics-1-oscillations-and-simple-harmonic-motion.md,oscillations-and-simple-harmonic-motion,oscillations|simple|harmonic|motion,MATCHED
runtime-data,physics-1,note,physics-1-waves-and-sound,content/physics-1/notes/physics-1-waves-and-sound.md,waves-and-sound,waves|sound,MATCHED
runtime-data,physics-1,note,physics-1-fluid-statics,content/physics-1/notes/physics-1-fluid-statics.md,fluid-statics,fluid|statics,MATCHED
runtime-data,physics-1,note,physics-1-fluid-dynamics,content/physics-1/notes/physics-1-fluid-dynamics.md,fluid-dynamics,fluid|dynamics,MATCHED
runtime-data,physics-1,note,physics-1-thermal-physics-and-temperature,content/physics-1/notes/physics-1-thermal-physics-and-temperature.md,thermal-physics-and-temperature,thermal|physics|temperature,MATCHED
runtime-data,physics-1,note,physics-1-thermodynamics-i-laws-and-processes,content/physics-1/notes/physics-1-thermodynamics-i-laws-and-processes.md,thermodynamics-i-laws-and-processes,thermodynamics|laws|processes,MATCHED
runtime-data,physics-1,note,physics-1-thermodynamics-ii-entropy-and-heat-engines,content/physics-1/notes/physics-1-thermodynamics-ii-entropy-and-heat-engines.md,thermodynamics-ii-entropy-and-heat-engines,thermodynamics|entropy|heat|engines,MATCHED
runtime-data,physics-1,question,physics-1-units-measurement-and-dimensional-analysis-0001,content/physics-1/questions/physics-1-units-measurement-and-dimensional-analysis-0001.json,units-measurement-and-dimensional-analysis,si|base|derived|units,MATCHED
runtime-data,physics-1,question,physics-1-units-measurement-and-dimensional-analysis-0002,content/physics-1/questions/physics-1-units-measurement-and-dimensional-analysis-0002.json,units-measurement-and-dimensional-analysis,prefixes,MATCHED
runtime-data,physics-1,question,physics-1-units-measurement-and-dimensional-analysis-0003,content/physics-1/questions/physics-1-units-measurement-and-dimensional-analysis-0003.json,units-measurement-and-dimensional-analysis,significant|figures,MATCHED
runtime-data,physics-1,question,physics-1-units-measurement-and-dimensional-analysis-0004,content/physics-1/questions/physics-1-units-measurement-and-dimensional-analysis-0004.json,units-measurement-and-dimensional-analysis,scientific|notation,MATCHED
runtime-data,physics-1,question,physics-1-units-measurement-and-dimensional-analysis-0005,content/physics-1/questions/physics-1-units-measurement-and-dimensional-analysis-0005.json,units-measurement-and-dimensional-analysis,unit|conversion,MATCHED
runtime-data,physics-1,question,physics-1-units-measurement-and-dimensional-analysis-0006,content/physics-1/questions/physics-1-units-measurement-and-dimensional-analysis-0006.json,units-measurement-and-dimensional-analysis,dimensional|analysis|equation|checking,MATCHED
runtime-data,physics-1,question,physics-1-units-measurement-and-dimensional-analysis-0007,content/physics-1/questions/physics-1-units-measurement-and-dimensional-analysis-0007.json,units-measurement-and-dimensional-analysis,order|magnitude|estimation,MATCHED
runtime-data,physics-1,question,physics-1-units-measurement-and-dimensional-analysis-0008,content/physics-1/questions/physics-1-units-measurement-and-dimensional-analysis-0008.json,units-measurement-and-dimensional-analysis,uncertainty|error|propagation,MATCHED
runtime-data,physics-1,question,physics-1-units-measurement-and-dimensional-analysis-0009,content/physics-1/questions/physics-1-units-measurement-and-dimensional-analysis-0009.json,units-measurement-and-dimensional-analysis,si|base|derived|units,MATCHED
runtime-data,physics-1,question,physics-1-units-measurement-and-dimensional-analysis-0010,content/physics-1/questions/physics-1-units-measurement-and-dimensional-analysis-0010.json,units-measurement-and-dimensional-analysis,prefixes,MATCHED
runtime-data,physics-1,question,physics-1-units-measurement-and-dimensional-analysis-0011,content/physics-1/questions/physics-1-units-measurement-and-dimensional-analysis-0011.json,units-measurement-and-dimensional-analysis,significant|figures,MATCHED
runtime-data,physics-1,question,physics-1-units-measurement-and-dimensional-analysis-0012,content/physics-1/questions/physics-1-units-measurement-and-dimensional-analysis-0012.json,units-measurement-and-dimensional-analysis,scientific|notation,MATCHED
runtime-data,physics-1,question,physics-1-kinematics-in-one-dimension-0001,content/physics-1/questions/physics-1-kinematics-in-one-dimension-0001.json,kinematics-in-one-dimension,position|displacement|distance,MATCHED
runtime-data,physics-1,question,physics-1-kinematics-in-one-dimension-0002,content/physics-1/questions/physics-1-kinematics-in-one-dimension-0002.json,kinematics-in-one-dimension,average|vs|instantaneous|velocity,MATCHED
runtime-data,physics-1,question,physics-1-kinematics-in-one-dimension-0003,content/physics-1/questions/physics-1-kinematics-in-one-dimension-0003.json,kinematics-in-one-dimension,acceleration,MATCHED
runtime-data,physics-1,question,physics-1-kinematics-in-one-dimension-0004,content/physics-1/questions/physics-1-kinematics-in-one-dimension-0004.json,kinematics-in-one-dimension,four|constant|acceleration|equations,MATCHED
runtime-data,physics-1,question,physics-1-kinematics-in-one-dimension-0005,content/physics-1/questions/physics-1-kinematics-in-one-dimension-0005.json,kinematics-in-one-dimension,free|fall,MATCHED
runtime-data,physics-1,question,physics-1-kinematics-in-one-dimension-0006,content/physics-1/questions/physics-1-kinematics-in-one-dimension-0006.json,kinematics-in-one-dimension,reading|sketching|position|velocity|accelerati,MATCHED
runtime-data,physics-1,question,physics-1-kinematics-in-one-dimension-0007,content/physics-1/questions/physics-1-kinematics-in-one-dimension-0007.json,kinematics-in-one-dimension,slope|area|interpretations,MATCHED
runtime-data,physics-1,question,physics-1-kinematics-in-one-dimension-0008,content/physics-1/questions/physics-1-kinematics-in-one-dimension-0008.json,kinematics-in-one-dimension,position|displacement|distance,MATCHED
runtime-data,physics-1,question,physics-1-kinematics-in-one-dimension-0009,content/physics-1/questions/physics-1-kinematics-in-one-dimension-0009.json,kinematics-in-one-dimension,average|vs|instantaneous|velocity,MATCHED
runtime-data,physics-1,question,physics-1-kinematics-in-one-dimension-0010,content/physics-1/questions/physics-1-kinematics-in-one-dimension-0010.json,kinematics-in-one-dimension,acceleration,MATCHED
runtime-data,physics-1,question,physics-1-kinematics-in-one-dimension-0011,content/physics-1/questions/physics-1-kinematics-in-one-dimension-0011.json,kinematics-in-one-dimension,four|constant|acceleration|equations,MATCHED
runtime-data,physics-1,question,physics-1-kinematics-in-one-dimension-0012,content/physics-1/questions/physics-1-kinematics-in-one-dimension-0012.json,kinematics-in-one-dimension,free|fall,MATCHED
runtime-data,physics-1,question,physics-1-kinematics-in-two-dimensions-0001,content/physics-1/questions/physics-1-kinematics-in-two-dimensions-0001.json,kinematics-in-two-dimensions,vector|magnitude|direction|components,MATCHED
runtime-data,physics-1,question,physics-1-kinematics-in-two-dimensions-0002,content/physics-1/questions/physics-1-kinematics-in-two-dimensions-0002.json,kinematics-in-two-dimensions,vector|addition|subtraction,MATCHED
runtime-data,physics-1,question,physics-1-kinematics-in-two-dimensions-0003,content/physics-1/questions/physics-1-kinematics-in-two-dimensions-0003.json,kinematics-in-two-dimensions,projectile|motion|independent|axes,MATCHED
runtime-data,physics-1,question,physics-1-kinematics-in-two-dimensions-0004,content/physics-1/questions/physics-1-kinematics-in-two-dimensions-0004.json,kinematics-in-two-dimensions,range|time|flight|maximum|height,MATCHED
runtime-data,physics-1,question,physics-1-kinematics-in-two-dimensions-0005,content/physics-1/questions/physics-1-kinematics-in-two-dimensions-0005.json,kinematics-in-two-dimensions,launch|angle|effects,MATCHED
runtime-data,physics-1,question,physics-1-kinematics-in-two-dimensions-0006,content/physics-1/questions/physics-1-kinematics-in-two-dimensions-0006.json,kinematics-in-two-dimensions,relative|velocity,MATCHED
runtime-data,physics-1,question,physics-1-kinematics-in-two-dimensions-0007,content/physics-1/questions/physics-1-kinematics-in-two-dimensions-0007.json,kinematics-in-two-dimensions,uniform|circular|motion|centripetal|acceleration,MATCHED
runtime-data,physics-1,question,physics-1-kinematics-in-two-dimensions-0008,content/physics-1/questions/physics-1-kinematics-in-two-dimensions-0008.json,kinematics-in-two-dimensions,vector|magnitude|direction|components,MATCHED
runtime-data,physics-1,question,physics-1-kinematics-in-two-dimensions-0009,content/physics-1/questions/physics-1-kinematics-in-two-dimensions-0009.json,kinematics-in-two-dimensions,vector|addition|subtraction,MATCHED
runtime-data,physics-1,question,physics-1-kinematics-in-two-dimensions-0010,content/physics-1/questions/physics-1-kinematics-in-two-dimensions-0010.json,kinematics-in-two-dimensions,projectile|motion|independent|axes,MATCHED
runtime-data,physics-1,question,physics-1-kinematics-in-two-dimensions-0011,content/physics-1/questions/physics-1-kinematics-in-two-dimensions-0011.json,kinematics-in-two-dimensions,range|time|flight|maximum|height,MATCHED
runtime-data,physics-1,question,physics-1-kinematics-in-two-dimensions-0012,content/physics-1/questions/physics-1-kinematics-in-two-dimensions-0012.json,kinematics-in-two-dimensions,launch|angle|effects,MATCHED
runtime-data,physics-1,question,physics-1-forces-and-newtons-laws-0001,content/physics-1/questions/physics-1-forces-and-newtons-laws-0001.json,forces-and-newtons-laws,force|as|vector,MATCHED
runtime-data,physics-1,question,physics-1-forces-and-newtons-laws-0002,content/physics-1/questions/physics-1-forces-and-newtons-laws-0002.json,forces-and-newtons-laws,first|law|inertia,MATCHED
runtime-data,physics-1,question,physics-1-forces-and-newtons-laws-0003,content/physics-1/questions/physics-1-forces-and-newtons-laws-0003.json,forces-and-newtons-laws,second|law,MATCHED
runtime-data,physics-1,question,physics-1-forces-and-newtons-laws-0004,content/physics-1/questions/physics-1-forces-and-newtons-laws-0004.json,forces-and-newtons-laws,third|law|action|reaction|pairs,MATCHED
runtime-data,physics-1,question,physics-1-forces-and-newtons-laws-0005,content/physics-1/questions/physics-1-forces-and-newtons-laws-0005.json,forces-and-newtons-laws,free|body|diagram|construction,MATCHED
runtime-data,physics-1,question,physics-1-forces-and-newtons-laws-0006,content/physics-1/questions/physics-1-forces-and-newtons-laws-0006.json,forces-and-newtons-laws,weight|vs|mass,MATCHED
runtime-data,physics-1,question,physics-1-forces-and-newtons-laws-0007,content/physics-1/questions/physics-1-forces-and-newtons-laws-0007.json,forces-and-newtons-laws,normal|force,MATCHED
runtime-data,physics-1,question,physics-1-forces-and-newtons-laws-0008,content/physics-1/questions/physics-1-forces-and-newtons-laws-0008.json,forces-and-newtons-laws,tension,MATCHED
runtime-data,physics-1,question,physics-1-forces-and-newtons-laws-0009,content/physics-1/questions/physics-1-forces-and-newtons-laws-0009.json,forces-and-newtons-laws,static|kinetic|friction|their|coefficients,MATCHED
runtime-data,physics-1,question,physics-1-forces-and-newtons-laws-0010,content/physics-1/questions/physics-1-forces-and-newtons-laws-0010.json,forces-and-newtons-laws,inclined|planes,MATCHED
runtime-data,physics-1,question,physics-1-forces-and-newtons-laws-0011,content/physics-1/questions/physics-1-forces-and-newtons-laws-0011.json,forces-and-newtons-laws,connected|systems|pulleys,MATCHED
runtime-data,physics-1,question,physics-1-forces-and-newtons-laws-0012,content/physics-1/questions/physics-1-forces-and-newtons-laws-0012.json,forces-and-newtons-laws,equilibrium,MATCHED
runtime-data,physics-1,question,physics-1-work-energy-and-power-0001,content/physics-1/questions/physics-1-work-energy-and-power-0001.json,work-energy-and-power,work|by|constant|force|including|cosine|factor,MATCHED
runtime-data,physics-1,question,physics-1-work-energy-and-power-0002,content/physics-1/questions/physics-1-work-energy-and-power-0002.json,work-energy-and-power,work|by|variable|force|as|area|under|displac,MATCHED
runtime-data,physics-1,question,physics-1-work-energy-and-power-0003,content/physics-1/questions/physics-1-work-energy-and-power-0003.json,work-energy-and-power,kinetic|energy,MATCHED
runtime-data,physics-1,question,physics-1-work-energy-and-power-0004,content/physics-1/questions/physics-1-work-energy-and-power-0004.json,work-energy-and-power,gravitational|elastic|potential|energy,MATCHED
runtime-data,physics-1,question,physics-1-work-energy-and-power-0005,content/physics-1/questions/physics-1-work-energy-and-power-0005.json,work-energy-and-power,work|energy|theorem,MATCHED
runtime-data,physics-1,question,physics-1-work-energy-and-power-0006,content/physics-1/questions/physics-1-work-energy-and-power-0006.json,work-energy-and-power,conservation|mechanical|energy,MATCHED
runtime-data,physics-1,question,physics-1-work-energy-and-power-0007,content/physics-1/questions/physics-1-work-energy-and-power-0007.json,work-energy-and-power,conservative|vs|nonconservative|forces,MATCHED
runtime-data,physics-1,question,physics-1-work-energy-and-power-0008,content/physics-1/questions/physics-1-work-energy-and-power-0008.json,work-energy-and-power,energy|lost|friction,MATCHED
runtime-data,physics-1,question,physics-1-work-energy-and-power-0009,content/physics-1/questions/physics-1-work-energy-and-power-0009.json,work-energy-and-power,power|average|instantaneous|form,MATCHED
runtime-data,physics-1,question,physics-1-work-energy-and-power-0010,content/physics-1/questions/physics-1-work-energy-and-power-0010.json,work-energy-and-power,efficiency,MATCHED
runtime-data,physics-1,question,physics-1-work-energy-and-power-0011,content/physics-1/questions/physics-1-work-energy-and-power-0011.json,work-energy-and-power,work|by|constant|force|including|cosine|factor,MATCHED
runtime-data,physics-1,question,physics-1-work-energy-and-power-0012,content/physics-1/questions/physics-1-work-energy-and-power-0012.json,work-energy-and-power,work|by|variable|force|as|area|under|displac,MATCHED
runtime-data,physics-1,question,physics-1-momentum-and-collisions-0001,content/physics-1/questions/physics-1-momentum-and-collisions-0001.json,momentum-and-collisions,linear|momentum,MATCHED
runtime-data,physics-1,question,physics-1-momentum-and-collisions-0002,content/physics-1/questions/physics-1-momentum-and-collisions-0002.json,momentum-and-collisions,impulse|momentum|theorem,MATCHED
runtime-data,physics-1,question,physics-1-momentum-and-collisions-0003,content/physics-1/questions/physics-1-momentum-and-collisions-0003.json,momentum-and-collisions,force|time|graphs,MATCHED
runtime-data,physics-1,question,physics-1-momentum-and-collisions-0004,content/physics-1/questions/physics-1-momentum-and-collisions-0004.json,momentum-and-collisions,conservation|momentum|isolated|systems,MATCHED
runtime-data,physics-1,question,physics-1-momentum-and-collisions-0005,content/physics-1/questions/physics-1-momentum-and-collisions-0005.json,momentum-and-collisions,elastic|collisions,MATCHED
runtime-data,physics-1,question,physics-1-momentum-and-collisions-0006,content/physics-1/questions/physics-1-momentum-and-collisions-0006.json,momentum-and-collisions,inelastic|perfectly|collisions,MATCHED
runtime-data,physics-1,question,physics-1-momentum-and-collisions-0007,content/physics-1/questions/physics-1-momentum-and-collisions-0007.json,momentum-and-collisions,two|dimensional|collisions|by|component,MATCHED
runtime-data,physics-1,question,physics-1-momentum-and-collisions-0008,content/physics-1/questions/physics-1-momentum-and-collisions-0008.json,momentum-and-collisions,ballistic|pendulum,MATCHED
runtime-data,physics-1,question,physics-1-momentum-and-collisions-0009,content/physics-1/questions/physics-1-momentum-and-collisions-0009.json,momentum-and-collisions,center|mass|its|motion,MATCHED
runtime-data,physics-1,question,physics-1-momentum-and-collisions-0010,content/physics-1/questions/physics-1-momentum-and-collisions-0010.json,momentum-and-collisions,recoil|explosion|problems,MATCHED
runtime-data,physics-1,question,physics-1-momentum-and-collisions-0011,content/physics-1/questions/physics-1-momentum-and-collisions-0011.json,momentum-and-collisions,linear|momentum,MATCHED
runtime-data,physics-1,question,physics-1-momentum-and-collisions-0012,content/physics-1/questions/physics-1-momentum-and-collisions-0012.json,momentum-and-collisions,impulse|momentum|theorem,MATCHED
runtime-data,physics-1,question,physics-1-rotational-motion-0001,content/physics-1/questions/physics-1-rotational-motion-0001.json,rotational-motion,angular|position|velocity|acceleration,MATCHED
runtime-data,physics-1,question,physics-1-rotational-motion-0002,content/physics-1/questions/physics-1-rotational-motion-0002.json,rotational-motion,rotational|kinematic|equations,MATCHED
runtime-data,physics-1,question,physics-1-rotational-motion-0003,content/physics-1/questions/physics-1-rotational-motion-0003.json,rotational-motion,relation|between|linear|angular|quantities,MATCHED
runtime-data,physics-1,question,physics-1-rotational-motion-0004,content/physics-1/questions/physics-1-rotational-motion-0004.json,rotational-motion,torque|lever|arm,MATCHED
runtime-data,physics-1,question,physics-1-rotational-motion-0005,content/physics-1/questions/physics-1-rotational-motion-0005.json,rotational-motion,moment|inertia|point|masses|standard|rigid,MATCHED
runtime-data,physics-1,question,physics-1-rotational-motion-0006,content/physics-1/questions/physics-1-rotational-motion-0006.json,rotational-motion,parallel|axis|theorem,MATCHED
runtime-data,physics-1,question,physics-1-rotational-motion-0007,content/physics-1/questions/physics-1-rotational-motion-0007.json,rotational-motion,rotational|form|second|law,MATCHED
runtime-data,physics-1,question,physics-1-rotational-motion-0008,content/physics-1/questions/physics-1-rotational-motion-0008.json,rotational-motion,rotational|kinetic|energy,MATCHED
runtime-data,physics-1,question,physics-1-rotational-motion-0009,content/physics-1/questions/physics-1-rotational-motion-0009.json,rotational-motion,rolling|without|slipping,MATCHED
runtime-data,physics-1,question,physics-1-rotational-motion-0010,content/physics-1/questions/physics-1-rotational-motion-0010.json,rotational-motion,angular|momentum|its|conservation,MATCHED
runtime-data,physics-1,question,physics-1-rotational-motion-0011,content/physics-1/questions/physics-1-rotational-motion-0011.json,rotational-motion,angular|position|velocity|acceleration,MATCHED
runtime-data,physics-1,question,physics-1-rotational-motion-0012,content/physics-1/questions/physics-1-rotational-motion-0012.json,rotational-motion,rotational|kinematic|equations,MATCHED
runtime-data,physics-1,question,physics-1-static-equilibrium-and-elasticity-0001,content/physics-1/questions/physics-1-static-equilibrium-and-elasticity-0001.json,static-equilibrium-and-elasticity,two|equilibrium|conditions,MATCHED
runtime-data,physics-1,question,physics-1-static-equilibrium-and-elasticity-0002,content/physics-1/questions/physics-1-static-equilibrium-and-elasticity-0002.json,static-equilibrium-and-elasticity,choosing|pivot,MATCHED
runtime-data,physics-1,question,physics-1-static-equilibrium-and-elasticity-0003,content/physics-1/questions/physics-1-static-equilibrium-and-elasticity-0003.json,static-equilibrium-and-elasticity,center|gravity,MATCHED
runtime-data,physics-1,question,physics-1-static-equilibrium-and-elasticity-0004,content/physics-1/questions/physics-1-static-equilibrium-and-elasticity-0004.json,static-equilibrium-and-elasticity,ladder|beam|problems,MATCHED
runtime-data,physics-1,question,physics-1-static-equilibrium-and-elasticity-0005,content/physics-1/questions/physics-1-static-equilibrium-and-elasticity-0005.json,static-equilibrium-and-elasticity,stability|toppling,MATCHED
runtime-data,physics-1,question,physics-1-static-equilibrium-and-elasticity-0006,content/physics-1/questions/physics-1-static-equilibrium-and-elasticity-0006.json,static-equilibrium-and-elasticity,stress|strain|definitions,MATCHED
runtime-data,physics-1,question,physics-1-static-equilibrium-and-elasticity-0007,content/physics-1/questions/physics-1-static-equilibrium-and-elasticity-0007.json,static-equilibrium-and-elasticity,young|modulus,MATCHED
runtime-data,physics-1,question,physics-1-static-equilibrium-and-elasticity-0008,content/physics-1/questions/physics-1-static-equilibrium-and-elasticity-0008.json,static-equilibrium-and-elasticity,shear|modulus,MATCHED
runtime-data,physics-1,question,physics-1-static-equilibrium-and-elasticity-0009,content/physics-1/questions/physics-1-static-equilibrium-and-elasticity-0009.json,static-equilibrium-and-elasticity,bulk|modulus,MATCHED
runtime-data,physics-1,question,physics-1-static-equilibrium-and-elasticity-0010,content/physics-1/questions/physics-1-static-equilibrium-and-elasticity-0010.json,static-equilibrium-and-elasticity,hooke|law|springs|materials,MATCHED
runtime-data,physics-1,question,physics-1-static-equilibrium-and-elasticity-0011,content/physics-1/questions/physics-1-static-equilibrium-and-elasticity-0011.json,static-equilibrium-and-elasticity,elastic|limit,MATCHED
runtime-data,physics-1,question,physics-1-static-equilibrium-and-elasticity-0012,content/physics-1/questions/physics-1-static-equilibrium-and-elasticity-0012.json,static-equilibrium-and-elasticity,plastic|deformation|fracture,MATCHED
runtime-data,physics-1,question,physics-1-gravitation-0001,content/physics-1/questions/physics-1-gravitation-0001.json,gravitation,universal|law|gravitation,MATCHED
runtime-data,physics-1,question,physics-1-gravitation-0002,content/physics-1/questions/physics-1-gravitation-0002.json,gravitation,gravitational|field|strength,MATCHED
runtime-data,physics-1,question,physics-1-gravitation-0003,content/physics-1/questions/physics-1-gravitation-0003.json,gravitation,variation|altitude|planetary|mass,MATCHED
runtime-data,physics-1,question,physics-1-gravitation-0004,content/physics-1/questions/physics-1-gravitation-0004.json,gravitation,gravitational|potential|energy|general|form,MATCHED
runtime-data,physics-1,question,physics-1-gravitation-0005,content/physics-1/questions/physics-1-gravitation-0005.json,gravitation,kepler|three|laws,MATCHED
runtime-data,physics-1,question,physics-1-gravitation-0006,content/physics-1/questions/physics-1-gravitation-0006.json,gravitation,circular|orbital|speed|period,MATCHED
runtime-data,physics-1,question,physics-1-gravitation-0007,content/physics-1/questions/physics-1-gravitation-0007.json,gravitation,escape|speed,MATCHED
runtime-data,physics-1,question,physics-1-gravitation-0008,content/physics-1/questions/physics-1-gravitation-0008.json,gravitation,energy|orbits,MATCHED
runtime-data,physics-1,question,physics-1-gravitation-0009,content/physics-1/questions/physics-1-gravitation-0009.json,gravitation,geosynchronous|orbit|conditions,MATCHED
runtime-data,physics-1,question,physics-1-gravitation-0010,content/physics-1/questions/physics-1-gravitation-0010.json,gravitation,weightlessness|free|fall,MATCHED
runtime-data,physics-1,question,physics-1-gravitation-0011,content/physics-1/questions/physics-1-gravitation-0011.json,gravitation,universal|law|gravitation,MATCHED
runtime-data,physics-1,question,physics-1-gravitation-0012,content/physics-1/questions/physics-1-gravitation-0012.json,gravitation,gravitational|field|strength,MATCHED
runtime-data,physics-1,question,physics-1-oscillations-and-simple-harmonic-motion-0001,content/physics-1/questions/physics-1-oscillations-and-simple-harmonic-motion-0001.json,oscillations-and-simple-harmonic-motion,conditions|simple|harmonic|motion,MATCHED
runtime-data,physics-1,question,physics-1-oscillations-and-simple-harmonic-motion-0002,content/physics-1/questions/physics-1-oscillations-and-simple-harmonic-motion-0002.json,oscillations-and-simple-harmonic-motion,restoring|force|proportional|displacement,MATCHED
runtime-data,physics-1,question,physics-1-oscillations-and-simple-harmonic-motion-0003,content/physics-1/questions/physics-1-oscillations-and-simple-harmonic-motion-0003.json,oscillations-and-simple-harmonic-motion,mass|spring|period|frequency,MATCHED
runtime-data,physics-1,question,physics-1-oscillations-and-simple-harmonic-motion-0004,content/physics-1/questions/physics-1-oscillations-and-simple-harmonic-motion-0004.json,oscillations-and-simple-harmonic-motion,simple|pendulum|period|its|small|angle|assumption,MATCHED
runtime-data,physics-1,question,physics-1-oscillations-and-simple-harmonic-motion-0005,content/physics-1/questions/physics-1-oscillations-and-simple-harmonic-motion-0005.json,oscillations-and-simple-harmonic-motion,physical|pendulum,MATCHED
runtime-data,physics-1,question,physics-1-oscillations-and-simple-harmonic-motion-0006,content/physics-1/questions/physics-1-oscillations-and-simple-harmonic-motion-0006.json,oscillations-and-simple-harmonic-motion,displacement|velocity|acceleration|relations|sh,MATCHED
runtime-data,physics-1,question,physics-1-oscillations-and-simple-harmonic-motion-0007,content/physics-1/questions/physics-1-oscillations-and-simple-harmonic-motion-0007.json,oscillations-and-simple-harmonic-motion,energy|exchange|shm,MATCHED
runtime-data,physics-1,question,physics-1-oscillations-and-simple-harmonic-motion-0008,content/physics-1/questions/physics-1-oscillations-and-simple-harmonic-motion-0008.json,oscillations-and-simple-harmonic-motion,damped|oscillation|regimes,MATCHED
runtime-data,physics-1,question,physics-1-oscillations-and-simple-harmonic-motion-0009,content/physics-1/questions/physics-1-oscillations-and-simple-harmonic-motion-0009.json,oscillations-and-simple-harmonic-motion,driven|oscillation|resonance,MATCHED
runtime-data,physics-1,question,physics-1-oscillations-and-simple-harmonic-motion-0010,content/physics-1/questions/physics-1-oscillations-and-simple-harmonic-motion-0010.json,oscillations-and-simple-harmonic-motion,conditions|simple|harmonic|motion,MATCHED
runtime-data,physics-1,question,physics-1-oscillations-and-simple-harmonic-motion-0011,content/physics-1/questions/physics-1-oscillations-and-simple-harmonic-motion-0011.json,oscillations-and-simple-harmonic-motion,restoring|force|proportional|displacement,MATCHED
runtime-data,physics-1,question,physics-1-oscillations-and-simple-harmonic-motion-0012,content/physics-1/questions/physics-1-oscillations-and-simple-harmonic-motion-0012.json,oscillations-and-simple-harmonic-motion,mass|spring|period|frequency,MATCHED
runtime-data,physics-1,question,physics-1-waves-and-sound-0001,content/physics-1/questions/physics-1-waves-and-sound-0001.json,waves-and-sound,wavelength|frequency|period|amplitude|wave|speed,MATCHED
runtime-data,physics-1,question,physics-1-waves-and-sound-0002,content/physics-1/questions/physics-1-waves-and-sound-0002.json,waves-and-sound,transverse|vs|longitudinal|waves,MATCHED
runtime-data,physics-1,question,physics-1-waves-and-sound-0003,content/physics-1/questions/physics-1-waves-and-sound-0003.json,waves-and-sound,wave|equation,MATCHED
runtime-data,physics-1,question,physics-1-waves-and-sound-0004,content/physics-1/questions/physics-1-waves-and-sound-0004.json,waves-and-sound,wave|function|form,MATCHED
runtime-data,physics-1,question,physics-1-waves-and-sound-0005,content/physics-1/questions/physics-1-waves-and-sound-0005.json,waves-and-sound,superposition|interference,MATCHED
runtime-data,physics-1,question,physics-1-waves-and-sound-0006,content/physics-1/questions/physics-1-waves-and-sound-0006.json,waves-and-sound,standing|waves|on|strings|open|closed|pipes,MATCHED
runtime-data,physics-1,question,physics-1-waves-and-sound-0007,content/physics-1/questions/physics-1-waves-and-sound-0007.json,waves-and-sound,harmonics|overtones,MATCHED
runtime-data,physics-1,question,physics-1-waves-and-sound-0008,content/physics-1/questions/physics-1-waves-and-sound-0008.json,waves-and-sound,sound|speed|different|media,MATCHED
runtime-data,physics-1,question,physics-1-waves-and-sound-0009,content/physics-1/questions/physics-1-waves-and-sound-0009.json,waves-and-sound,intensity|decibel|scale,MATCHED
runtime-data,physics-1,question,physics-1-waves-and-sound-0010,content/physics-1/questions/physics-1-waves-and-sound-0010.json,waves-and-sound,doppler|effect|moving|source|observer,MATCHED
runtime-data,physics-1,question,physics-1-waves-and-sound-0011,content/physics-1/questions/physics-1-waves-and-sound-0011.json,waves-and-sound,beats,MATCHED
runtime-data,physics-1,question,physics-1-waves-and-sound-0012,content/physics-1/questions/physics-1-waves-and-sound-0012.json,waves-and-sound,shock|waves,MATCHED
runtime-data,physics-1,question,physics-1-fluid-statics-0001,content/physics-1/questions/physics-1-fluid-statics-0001.json,fluid-statics,density|specific|gravity,MATCHED
runtime-data,physics-1,question,physics-1-fluid-statics-0002,content/physics-1/questions/physics-1-fluid-statics-0002.json,fluid-statics,pressure|definition,MATCHED
runtime-data,physics-1,question,physics-1-fluid-statics-0003,content/physics-1/questions/physics-1-fluid-statics-0003.json,fluid-statics,hydrostatic|pressure|depth,MATCHED
runtime-data,physics-1,question,physics-1-fluid-statics-0004,content/physics-1/questions/physics-1-fluid-statics-0004.json,fluid-statics,gauge|vs|absolute|pressure,MATCHED
runtime-data,physics-1,question,physics-1-fluid-statics-0005,content/physics-1/questions/physics-1-fluid-statics-0005.json,fluid-statics,manometers|barometers,MATCHED
runtime-data,physics-1,question,physics-1-fluid-statics-0006,content/physics-1/questions/physics-1-fluid-statics-0006.json,fluid-statics,pascal|principle|hydraulic|systems,MATCHED
runtime-data,physics-1,question,physics-1-fluid-statics-0007,content/physics-1/questions/physics-1-fluid-statics-0007.json,fluid-statics,archimedes|principle,MATCHED
runtime-data,physics-1,question,physics-1-fluid-statics-0008,content/physics-1/questions/physics-1-fluid-statics-0008.json,fluid-statics,buoyant|force,MATCHED
runtime-data,physics-1,question,physics-1-fluid-statics-0009,content/physics-1/questions/physics-1-fluid-statics-0009.json,fluid-statics,apparent|weight,MATCHED
runtime-data,physics-1,question,physics-1-fluid-statics-0010,content/physics-1/questions/physics-1-fluid-statics-0010.json,fluid-statics,conditions|floating|sinking|neutral|buoyancy,MATCHED
runtime-data,physics-1,question,physics-1-fluid-statics-0011,content/physics-1/questions/physics-1-fluid-statics-0011.json,fluid-statics,fraction|submerged,MATCHED
runtime-data,physics-1,question,physics-1-fluid-statics-0012,content/physics-1/questions/physics-1-fluid-statics-0012.json,fluid-statics,density|specific|gravity,MATCHED
runtime-data,physics-1,question,physics-1-fluid-dynamics-0001,content/physics-1/questions/physics-1-fluid-dynamics-0001.json,fluid-dynamics,ideal|fluid|assumptions,MATCHED
runtime-data,physics-1,question,physics-1-fluid-dynamics-0002,content/physics-1/questions/physics-1-fluid-dynamics-0002.json,fluid-dynamics,volume|flow|rate|continuity|equation,MATCHED
runtime-data,physics-1,question,physics-1-fluid-dynamics-0003,content/physics-1/questions/physics-1-fluid-dynamics-0003.json,fluid-dynamics,bernoulli|equation|its|energy|interpretation,MATCHED
runtime-data,physics-1,question,physics-1-fluid-dynamics-0004,content/physics-1/questions/physics-1-fluid-dynamics-0004.json,fluid-dynamics,applications|venturi|meters|lift|efflux,MATCHED
runtime-data,physics-1,question,physics-1-fluid-dynamics-0005,content/physics-1/questions/physics-1-fluid-dynamics-0005.json,fluid-dynamics,viscosity,MATCHED
runtime-data,physics-1,question,physics-1-fluid-dynamics-0006,content/physics-1/questions/physics-1-fluid-dynamics-0006.json,fluid-dynamics,laminar|vs|turbulent|flow,MATCHED
runtime-data,physics-1,question,physics-1-fluid-dynamics-0007,content/physics-1/questions/physics-1-fluid-dynamics-0007.json,fluid-dynamics,reynolds|number,MATCHED
runtime-data,physics-1,question,physics-1-fluid-dynamics-0008,content/physics-1/questions/physics-1-fluid-dynamics-0008.json,fluid-dynamics,poiseuille|law|its|fourth|power|dependence,MATCHED
runtime-data,physics-1,question,physics-1-fluid-dynamics-0009,content/physics-1/questions/physics-1-fluid-dynamics-0009.json,fluid-dynamics,real|fluid|corrections,MATCHED
runtime-data,physics-1,question,physics-1-fluid-dynamics-0010,content/physics-1/questions/physics-1-fluid-dynamics-0010.json,fluid-dynamics,blood|flow|applications,MATCHED
runtime-data,physics-1,question,physics-1-fluid-dynamics-0011,content/physics-1/questions/physics-1-fluid-dynamics-0011.json,fluid-dynamics,ideal|fluid|assumptions,MATCHED
runtime-data,physics-1,question,physics-1-fluid-dynamics-0012,content/physics-1/questions/physics-1-fluid-dynamics-0012.json,fluid-dynamics,volume|flow|rate|continuity|equation,MATCHED
runtime-data,physics-1,question,physics-1-thermal-physics-and-temperature-0001,content/physics-1/questions/physics-1-thermal-physics-and-temperature-0001.json,thermal-physics-and-temperature,temperature|scales|conversions,MATCHED
runtime-data,physics-1,question,physics-1-thermal-physics-and-temperature-0002,content/physics-1/questions/physics-1-thermal-physics-and-temperature-0002.json,thermal-physics-and-temperature,thermal|equilibrium|zeroth|law,MATCHED
runtime-data,physics-1,question,physics-1-thermal-physics-and-temperature-0003,content/physics-1/questions/physics-1-thermal-physics-and-temperature-0003.json,thermal-physics-and-temperature,linear|volumetric|thermal|expansion,MATCHED
runtime-data,physics-1,question,physics-1-thermal-physics-and-temperature-0004,content/physics-1/questions/physics-1-thermal-physics-and-temperature-0004.json,thermal-physics-and-temperature,ideal|gas|law|both|molar|molecular|forms,MATCHED
runtime-data,physics-1,question,physics-1-thermal-physics-and-temperature-0005,content/physics-1/questions/physics-1-thermal-physics-and-temperature-0005.json,thermal-physics-and-temperature,kinetic|theory|average|translational|energ,MATCHED
runtime-data,physics-1,question,physics-1-thermal-physics-and-temperature-0006,content/physics-1/questions/physics-1-thermal-physics-and-temperature-0006.json,thermal-physics-and-temperature,root|mean|square|speed,MATCHED
runtime-data,physics-1,question,physics-1-thermal-physics-and-temperature-0007,content/physics-1/questions/physics-1-thermal-physics-and-temperature-0007.json,thermal-physics-and-temperature,maxwell|boltzmann|distribution|qualitatively,MATCHED
runtime-data,physics-1,question,physics-1-thermal-physics-and-temperature-0008,content/physics-1/questions/physics-1-thermal-physics-and-temperature-0008.json,thermal-physics-and-temperature,heat|vs|temperature|internal|energy,MATCHED
runtime-data,physics-1,question,physics-1-thermal-physics-and-temperature-0009,content/physics-1/questions/physics-1-thermal-physics-and-temperature-0009.json,thermal-physics-and-temperature,specific|heat,MATCHED
runtime-data,physics-1,question,physics-1-thermal-physics-and-temperature-0010,content/physics-1/questions/physics-1-thermal-physics-and-temperature-0010.json,thermal-physics-and-temperature,calorimetry,MATCHED
runtime-data,physics-1,question,physics-1-thermal-physics-and-temperature-0011,content/physics-1/questions/physics-1-thermal-physics-and-temperature-0011.json,thermal-physics-and-temperature,latent|heat|fusion|vaporization,MATCHED
runtime-data,physics-1,question,physics-1-thermal-physics-and-temperature-0012,content/physics-1/questions/physics-1-thermal-physics-and-temperature-0012.json,thermal-physics-and-temperature,phase|diagrams,MATCHED
runtime-data,physics-1,question,physics-1-thermodynamics-i-laws-and-processes-0001,content/physics-1/questions/physics-1-thermodynamics-i-laws-and-processes-0001.json,thermodynamics-i-laws-and-processes,system|surroundings|state|variables,MATCHED
runtime-data,physics-1,question,physics-1-thermodynamics-i-laws-and-processes-0002,content/physics-1/questions/physics-1-thermodynamics-i-laws-and-processes-0002.json,thermodynamics-i-laws-and-processes,internal|energy,MATCHED
runtime-data,physics-1,question,physics-1-thermodynamics-i-laws-and-processes-0003,content/physics-1/questions/physics-1-thermodynamics-i-laws-and-processes-0003.json,thermodynamics-i-laws-and-processes,first|law|thermodynamics|explicitly|stated,MATCHED
runtime-data,physics-1,question,physics-1-thermodynamics-i-laws-and-processes-0004,content/physics-1/questions/physics-1-thermodynamics-i-laws-and-processes-0004.json,thermodynamics-i-laws-and-processes,work|as|area|on|pv|diagram,MATCHED
runtime-data,physics-1,question,physics-1-thermodynamics-i-laws-and-processes-0005,content/physics-1/questions/physics-1-thermodynamics-i-laws-and-processes-0005.json,thermodynamics-i-laws-and-processes,isobaric|isochoric|isothermal|adiabatic|processes,MATCHED
runtime-data,physics-1,question,physics-1-thermodynamics-i-laws-and-processes-0006,content/physics-1/questions/physics-1-thermodynamics-i-laws-and-processes-0006.json,thermodynamics-i-laws-and-processes,cyclic|processes,MATCHED
runtime-data,physics-1,question,physics-1-thermodynamics-i-laws-and-processes-0007,content/physics-1/questions/physics-1-thermodynamics-i-laws-and-processes-0007.json,thermodynamics-i-laws-and-processes,molar|specific|heats|at|constant|volume|pressure,MATCHED
runtime-data,physics-1,question,physics-1-thermodynamics-i-laws-and-processes-0008,content/physics-1/questions/physics-1-thermodynamics-i-laws-and-processes-0008.json,thermodynamics-i-laws-and-processes,ratio|specific|heats,MATCHED
runtime-data,physics-1,question,physics-1-thermodynamics-i-laws-and-processes-0009,content/physics-1/questions/physics-1-thermodynamics-i-laws-and-processes-0009.json,thermodynamics-i-laws-and-processes,degrees|freedom|equipartition,MATCHED
runtime-data,physics-1,question,physics-1-thermodynamics-i-laws-and-processes-0010,content/physics-1/questions/physics-1-thermodynamics-i-laws-and-processes-0010.json,thermodynamics-i-laws-and-processes,system|surroundings|state|variables,MATCHED
runtime-data,physics-1,question,physics-1-thermodynamics-i-laws-and-processes-0011,content/physics-1/questions/physics-1-thermodynamics-i-laws-and-processes-0011.json,thermodynamics-i-laws-and-processes,internal|energy,MATCHED
runtime-data,physics-1,question,physics-1-thermodynamics-i-laws-and-processes-0012,content/physics-1/questions/physics-1-thermodynamics-i-laws-and-processes-0012.json,thermodynamics-i-laws-and-processes,first|law|thermodynamics|explicitly|stated,MATCHED
runtime-data,physics-1,question,physics-1-thermodynamics-ii-entropy-and-heat-engines-0001,content/physics-1/questions/physics-1-thermodynamics-ii-entropy-and-heat-engines-0001.json,thermodynamics-ii-entropy-and-heat-engines,second|law|statements,MATCHED
runtime-data,physics-1,question,physics-1-thermodynamics-ii-entropy-and-heat-engines-0002,content/physics-1/questions/physics-1-thermodynamics-ii-entropy-and-heat-engines-0002.json,thermodynamics-ii-entropy-and-heat-engines,direction|spontaneous|heat|flow,MATCHED
runtime-data,physics-1,question,physics-1-thermodynamics-ii-entropy-and-heat-engines-0003,content/physics-1/questions/physics-1-thermodynamics-ii-entropy-and-heat-engines-0003.json,thermodynamics-ii-entropy-and-heat-engines,entropy|change|reversible|irreversible|process,MATCHED
runtime-data,physics-1,question,physics-1-thermodynamics-ii-entropy-and-heat-engines-0004,content/physics-1/questions/physics-1-thermodynamics-ii-entropy-and-heat-engines-0004.json,thermodynamics-ii-entropy-and-heat-engines,microstates|qualitatively,MATCHED
runtime-data,physics-1,question,physics-1-thermodynamics-ii-entropy-and-heat-engines-0005,content/physics-1/questions/physics-1-thermodynamics-ii-entropy-and-heat-engines-0005.json,thermodynamics-ii-entropy-and-heat-engines,heat|engine|schematic|thermal|efficiency,MATCHED
runtime-data,physics-1,question,physics-1-thermodynamics-ii-entropy-and-heat-engines-0006,content/physics-1/questions/physics-1-thermodynamics-ii-entropy-and-heat-engines-0006.json,thermodynamics-ii-entropy-and-heat-engines,carnot|cycle|efficiency|as|upper|bound,MATCHED
runtime-data,physics-1,question,physics-1-thermodynamics-ii-entropy-and-heat-engines-0007,content/physics-1/questions/physics-1-thermodynamics-ii-entropy-and-heat-engines-0007.json,thermodynamics-ii-entropy-and-heat-engines,refrigerators|heat|pumps|coefficient|perfor,MATCHED
runtime-data,physics-1,question,physics-1-thermodynamics-ii-entropy-and-heat-engines-0008,content/physics-1/questions/physics-1-thermodynamics-ii-entropy-and-heat-engines-0008.json,thermodynamics-ii-entropy-and-heat-engines,third|law,MATCHED
runtime-data,physics-1,question,physics-1-thermodynamics-ii-entropy-and-heat-engines-0009,content/physics-1/questions/physics-1-thermodynamics-ii-entropy-and-heat-engines-0009.json,thermodynamics-ii-entropy-and-heat-engines,real|engines|power|plant|applications,MATCHED
runtime-data,physics-1,question,physics-1-thermodynamics-ii-entropy-and-heat-engines-0010,content/physics-1/questions/physics-1-thermodynamics-ii-entropy-and-heat-engines-0010.json,thermodynamics-ii-entropy-and-heat-engines,second|law|statements,MATCHED
runtime-data,physics-1,question,physics-1-thermodynamics-ii-entropy-and-heat-engines-0011,content/physics-1/questions/physics-1-thermodynamics-ii-entropy-and-heat-engines-0011.json,thermodynamics-ii-entropy-and-heat-engines,direction|spontaneous|heat|flow,MATCHED
runtime-data,physics-1,question,physics-1-thermodynamics-ii-entropy-and-heat-engines-0012,content/physics-1/questions/physics-1-thermodynamics-ii-entropy-and-heat-engines-0012.json,thermodynamics-ii-entropy-and-heat-engines,entropy|change|reversible|irreversible|process,MATCHED
runtime-data,physics-2,subject-summary,physics-2,,,lessons=16|notes=16|questions=192|assets=0|tags=391,MATCHED
runtime-data,physics-2,lesson,physics-2-electrostatics-charge-and-coulomb-law,,electrostatics-charge-and-coulomb-law,,MATCHED
runtime-data,physics-2,lesson,physics-2-electric-potential-and-potential-energy,,electric-potential-and-potential-energy,,MATCHED
runtime-data,physics-2,lesson,physics-2-gauss-law-and-electric-flux,,gauss-law-and-electric-flux,,MATCHED
runtime-data,physics-2,lesson,physics-2-capacitance-and-dielectrics,,capacitance-and-dielectrics,,MATCHED
runtime-data,physics-2,lesson,physics-2-current-and-resistance,,current-and-resistance,,MATCHED
runtime-data,physics-2,lesson,physics-2-dc-circuits,,dc-circuits,,MATCHED
runtime-data,physics-2,lesson,physics-2-magnetic-fields-and-forces,,magnetic-fields-and-forces,,MATCHED
runtime-data,physics-2,lesson,physics-2-sources-of-magnetic-fields,,sources-of-magnetic-fields,,MATCHED
runtime-data,physics-2,lesson,physics-2-electromagnetic-induction,,electromagnetic-induction,,MATCHED
runtime-data,physics-2,lesson,physics-2-inductance-and-ac-circuits,,inductance-and-ac-circuits,,MATCHED
runtime-data,physics-2,lesson,physics-2-electromagnetic-waves,,electromagnetic-waves,,MATCHED
runtime-data,physics-2,lesson,physics-2-geometric-optics-reflection-and-mirrors,,geometric-optics-reflection-and-mirrors,,MATCHED
runtime-data,physics-2,lesson,physics-2-geometric-optics-refraction-and-lenses,,geometric-optics-refraction-and-lenses,,MATCHED
runtime-data,physics-2,lesson,physics-2-wave-optics,,wave-optics,,MATCHED
runtime-data,physics-2,lesson,physics-2-modern-physics-special-relativity,,modern-physics-special-relativity,,MATCHED
runtime-data,physics-2,lesson,physics-2-modern-physics-quantum-and-nuclear,,modern-physics-quantum-and-nuclear,,MATCHED
runtime-data,physics-2,note,physics-2-electrostatics-charge-and-coulomb-law,content/physics-2/notes/physics-2-electrostatics-charge-and-coulomb-law.md,electrostatics-charge-and-coulomb-law,electrostatics|charge|coulomb|law,MATCHED
runtime-data,physics-2,note,physics-2-electric-potential-and-potential-energy,content/physics-2/notes/physics-2-electric-potential-and-potential-energy.md,electric-potential-and-potential-energy,electric|potential|energy,MATCHED
runtime-data,physics-2,note,physics-2-gauss-law-and-electric-flux,content/physics-2/notes/physics-2-gauss-law-and-electric-flux.md,gauss-law-and-electric-flux,gauss|law|electric|flux,MATCHED
runtime-data,physics-2,note,physics-2-capacitance-and-dielectrics,content/physics-2/notes/physics-2-capacitance-and-dielectrics.md,capacitance-and-dielectrics,capacitance|dielectrics,MATCHED
runtime-data,physics-2,note,physics-2-current-and-resistance,content/physics-2/notes/physics-2-current-and-resistance.md,current-and-resistance,current|resistance,MATCHED
runtime-data,physics-2,note,physics-2-dc-circuits,content/physics-2/notes/physics-2-dc-circuits.md,dc-circuits,dc|circuits,MATCHED
runtime-data,physics-2,note,physics-2-magnetic-fields-and-forces,content/physics-2/notes/physics-2-magnetic-fields-and-forces.md,magnetic-fields-and-forces,magnetic|fields|forces,MATCHED
runtime-data,physics-2,note,physics-2-sources-of-magnetic-fields,content/physics-2/notes/physics-2-sources-of-magnetic-fields.md,sources-of-magnetic-fields,sources|magnetic|fields,MATCHED
runtime-data,physics-2,note,physics-2-electromagnetic-induction,content/physics-2/notes/physics-2-electromagnetic-induction.md,electromagnetic-induction,electromagnetic|induction,MATCHED
runtime-data,physics-2,note,physics-2-inductance-and-ac-circuits,content/physics-2/notes/physics-2-inductance-and-ac-circuits.md,inductance-and-ac-circuits,inductance|ac|circuits,MATCHED
runtime-data,physics-2,note,physics-2-electromagnetic-waves,content/physics-2/notes/physics-2-electromagnetic-waves.md,electromagnetic-waves,electromagnetic|waves,MATCHED
runtime-data,physics-2,note,physics-2-geometric-optics-reflection-and-mirrors,content/physics-2/notes/physics-2-geometric-optics-reflection-and-mirrors.md,geometric-optics-reflection-and-mirrors,geometric|optics|reflection|mirrors,MATCHED
runtime-data,physics-2,note,physics-2-geometric-optics-refraction-and-lenses,content/physics-2/notes/physics-2-geometric-optics-refraction-and-lenses.md,geometric-optics-refraction-and-lenses,geometric|optics|refraction|lenses,MATCHED
runtime-data,physics-2,note,physics-2-wave-optics,content/physics-2/notes/physics-2-wave-optics.md,wave-optics,wave|optics,MATCHED
runtime-data,physics-2,note,physics-2-modern-physics-special-relativity,content/physics-2/notes/physics-2-modern-physics-special-relativity.md,modern-physics-special-relativity,modern|physics|special|relativity,MATCHED
runtime-data,physics-2,note,physics-2-modern-physics-quantum-and-nuclear,content/physics-2/notes/physics-2-modern-physics-quantum-and-nuclear.md,modern-physics-quantum-and-nuclear,modern|physics|quantum|nuclear,MATCHED
runtime-data,physics-2,question,physics-2-electrostatics-charge-and-coulomb-law-0001,content/physics-2/questions/physics-2-electrostatics-charge-and-coulomb-law-0001.json,electrostatics-charge-and-coulomb-law,charge|quantization|conservation,MATCHED
runtime-data,physics-2,question,physics-2-electrostatics-charge-and-coulomb-law-0002,content/physics-2/questions/physics-2-electrostatics-charge-and-coulomb-law-0002.json,electrostatics-charge-and-coulomb-law,conductors|vs|insulators,MATCHED
runtime-data,physics-2,question,physics-2-electrostatics-charge-and-coulomb-law-0003,content/physics-2/questions/physics-2-electrostatics-charge-and-coulomb-law-0003.json,electrostatics-charge-and-coulomb-law,charging|by|friction|conduction|induction,MATCHED
runtime-data,physics-2,question,physics-2-electrostatics-charge-and-coulomb-law-0004,content/physics-2/questions/physics-2-electrostatics-charge-and-coulomb-law-0004.json,electrostatics-charge-and-coulomb-law,polarization,MATCHED
runtime-data,physics-2,question,physics-2-electrostatics-charge-and-coulomb-law-0005,content/physics-2/questions/physics-2-electrostatics-charge-and-coulomb-law-0005.json,electrostatics-charge-and-coulomb-law,coulomb|law,MATCHED
runtime-data,physics-2,question,physics-2-electrostatics-charge-and-coulomb-law-0006,content/physics-2/questions/physics-2-electrostatics-charge-and-coulomb-law-0006.json,electrostatics-charge-and-coulomb-law,superposition|forces,MATCHED
runtime-data,physics-2,question,physics-2-electrostatics-charge-and-coulomb-law-0007,content/physics-2/questions/physics-2-electrostatics-charge-and-coulomb-law-0007.json,electrostatics-charge-and-coulomb-law,electric|field|definition,MATCHED
runtime-data,physics-2,question,physics-2-electrostatics-charge-and-coulomb-law-0008,content/physics-2/questions/physics-2-electrostatics-charge-and-coulomb-law-0008.json,electrostatics-charge-and-coulomb-law,field|point|charge,MATCHED
runtime-data,physics-2,question,physics-2-electrostatics-charge-and-coulomb-law-0009,content/physics-2/questions/physics-2-electrostatics-charge-and-coulomb-law-0009.json,electrostatics-charge-and-coulomb-law,field|multiple|charges|by|component,MATCHED
runtime-data,physics-2,question,physics-2-electrostatics-charge-and-coulomb-law-0010,content/physics-2/questions/physics-2-electrostatics-charge-and-coulomb-law-0010.json,electrostatics-charge-and-coulomb-law,field|lines|their|rules,MATCHED
runtime-data,physics-2,question,physics-2-electrostatics-charge-and-coulomb-law-0011,content/physics-2/questions/physics-2-electrostatics-charge-and-coulomb-law-0011.json,electrostatics-charge-and-coulomb-law,field|continuous|distributions|qualitatively,MATCHED
runtime-data,physics-2,question,physics-2-electrostatics-charge-and-coulomb-law-0012,content/physics-2/questions/physics-2-electrostatics-charge-and-coulomb-law-0012.json,electrostatics-charge-and-coulomb-law,charge|quantization|conservation,MATCHED
runtime-data,physics-2,question,physics-2-electric-potential-and-potential-energy-0001,content/physics-2/questions/physics-2-electric-potential-and-potential-energy-0001.json,electric-potential-and-potential-energy,electric|potential|energy|charge|pair,MATCHED
runtime-data,physics-2,question,physics-2-electric-potential-and-potential-energy-0002,content/physics-2/questions/physics-2-electric-potential-and-potential-energy-0002.json,electric-potential-and-potential-energy,electric|potential|as|energy|per|charge,MATCHED
runtime-data,physics-2,question,physics-2-electric-potential-and-potential-energy-0003,content/physics-2/questions/physics-2-electric-potential-and-potential-energy-0003.json,electric-potential-and-potential-energy,potential|difference|its|path|independence,MATCHED
runtime-data,physics-2,question,physics-2-electric-potential-and-potential-energy-0004,content/physics-2/questions/physics-2-electric-potential-and-potential-energy-0004.json,electric-potential-and-potential-energy,equipotential|surfaces|their|relation|field|lin,MATCHED
runtime-data,physics-2,question,physics-2-electric-potential-and-potential-energy-0005,content/physics-2/questions/physics-2-electric-potential-and-potential-energy-0005.json,electric-potential-and-potential-energy,uniform|field|relation|between|potential,MATCHED
runtime-data,physics-2,question,physics-2-electric-potential-and-potential-energy-0006,content/physics-2/questions/physics-2-electric-potential-and-potential-energy-0006.json,electric-potential-and-potential-energy,potential|point|charges|by|superposition,MATCHED
runtime-data,physics-2,question,physics-2-electric-potential-and-potential-energy-0007,content/physics-2/questions/physics-2-electric-potential-and-potential-energy-0007.json,electric-potential-and-potential-energy,dipole|potential,MATCHED
runtime-data,physics-2,question,physics-2-electric-potential-and-potential-energy-0008,content/physics-2/questions/physics-2-electric-potential-and-potential-energy-0008.json,electric-potential-and-potential-energy,electron|volt,MATCHED
runtime-data,physics-2,question,physics-2-electric-potential-and-potential-energy-0009,content/physics-2/questions/physics-2-electric-potential-and-potential-energy-0009.json,electric-potential-and-potential-energy,work|done|moving|charge,MATCHED
runtime-data,physics-2,question,physics-2-electric-potential-and-potential-energy-0010,content/physics-2/questions/physics-2-electric-potential-and-potential-energy-0010.json,electric-potential-and-potential-energy,electric|potential|energy|charge|pair,MATCHED
runtime-data,physics-2,question,physics-2-electric-potential-and-potential-energy-0011,content/physics-2/questions/physics-2-electric-potential-and-potential-energy-0011.json,electric-potential-and-potential-energy,electric|potential|as|energy|per|charge,MATCHED
runtime-data,physics-2,question,physics-2-electric-potential-and-potential-energy-0012,content/physics-2/questions/physics-2-electric-potential-and-potential-energy-0012.json,electric-potential-and-potential-energy,potential|difference|its|path|independence,MATCHED
runtime-data,physics-2,question,physics-2-gauss-law-and-electric-flux-0001,content/physics-2/questions/physics-2-gauss-law-and-electric-flux-0001.json,gauss-law-and-electric-flux,electric|flux|definition|angle|factor,MATCHED
runtime-data,physics-2,question,physics-2-gauss-law-and-electric-flux-0002,content/physics-2/questions/physics-2-gauss-law-and-electric-flux-0002.json,gauss-law-and-electric-flux,gauss|law|statement,MATCHED
runtime-data,physics-2,question,physics-2-gauss-law-and-electric-flux-0003,content/physics-2/questions/physics-2-gauss-law-and-electric-flux-0003.json,gauss-law-and-electric-flux,choosing|gaussian|surface,MATCHED
runtime-data,physics-2,question,physics-2-gauss-law-and-electric-flux-0004,content/physics-2/questions/physics-2-gauss-law-and-electric-flux-0004.json,gauss-law-and-electric-flux,spherical|cylindrical|planar|symmetry|results,MATCHED
runtime-data,physics-2,question,physics-2-gauss-law-and-electric-flux-0005,content/physics-2/questions/physics-2-gauss-law-and-electric-flux-0005.json,gauss-law-and-electric-flux,field|inside|outside|charged|conductor,MATCHED
runtime-data,physics-2,question,physics-2-gauss-law-and-electric-flux-0006,content/physics-2/questions/physics-2-gauss-law-and-electric-flux-0006.json,gauss-law-and-electric-flux,charge|residing|on|surface,MATCHED
runtime-data,physics-2,question,physics-2-gauss-law-and-electric-flux-0007,content/physics-2/questions/physics-2-gauss-law-and-electric-flux-0007.json,gauss-law-and-electric-flux,field|inside|cavity,MATCHED
runtime-data,physics-2,question,physics-2-gauss-law-and-electric-flux-0008,content/physics-2/questions/physics-2-gauss-law-and-electric-flux-0008.json,gauss-law-and-electric-flux,shielding|faraday|cage,MATCHED
runtime-data,physics-2,question,physics-2-gauss-law-and-electric-flux-0009,content/physics-2/questions/physics-2-gauss-law-and-electric-flux-0009.json,gauss-law-and-electric-flux,electric|flux|definition|angle|factor,MATCHED
runtime-data,physics-2,question,physics-2-gauss-law-and-electric-flux-0010,content/physics-2/questions/physics-2-gauss-law-and-electric-flux-0010.json,gauss-law-and-electric-flux,gauss|law|statement,MATCHED
runtime-data,physics-2,question,physics-2-gauss-law-and-electric-flux-0011,content/physics-2/questions/physics-2-gauss-law-and-electric-flux-0011.json,gauss-law-and-electric-flux,choosing|gaussian|surface,MATCHED
runtime-data,physics-2,question,physics-2-gauss-law-and-electric-flux-0012,content/physics-2/questions/physics-2-gauss-law-and-electric-flux-0012.json,gauss-law-and-electric-flux,spherical|cylindrical|planar|symmetry|results,MATCHED
runtime-data,physics-2,question,physics-2-capacitance-and-dielectrics-0001,content/physics-2/questions/physics-2-capacitance-and-dielectrics-0001.json,capacitance-and-dielectrics,capacitance|definition,MATCHED
runtime-data,physics-2,question,physics-2-capacitance-and-dielectrics-0002,content/physics-2/questions/physics-2-capacitance-and-dielectrics-0002.json,capacitance-and-dielectrics,parallel|plate|capacitance|geometry,MATCHED
runtime-data,physics-2,question,physics-2-capacitance-and-dielectrics-0003,content/physics-2/questions/physics-2-capacitance-and-dielectrics-0003.json,capacitance-and-dielectrics,energy|stored|density,MATCHED
runtime-data,physics-2,question,physics-2-capacitance-and-dielectrics-0004,content/physics-2/questions/physics-2-capacitance-and-dielectrics-0004.json,capacitance-and-dielectrics,capacitors|series|parallel|how|formulas,MATCHED
runtime-data,physics-2,question,physics-2-capacitance-and-dielectrics-0005,content/physics-2/questions/physics-2-capacitance-and-dielectrics-0005.json,capacitance-and-dielectrics,dielectric|constant,MATCHED
runtime-data,physics-2,question,physics-2-capacitance-and-dielectrics-0006,content/physics-2/questions/physics-2-capacitance-and-dielectrics-0006.json,capacitance-and-dielectrics,effect|dielectric|on|field|capacitance|stored,MATCHED
runtime-data,physics-2,question,physics-2-capacitance-and-dielectrics-0007,content/physics-2/questions/physics-2-capacitance-and-dielectrics-0007.json,capacitance-and-dielectrics,breakdown,MATCHED
runtime-data,physics-2,question,physics-2-capacitance-and-dielectrics-0008,content/physics-2/questions/physics-2-capacitance-and-dielectrics-0008.json,capacitance-and-dielectrics,capacitance|definition,MATCHED
runtime-data,physics-2,question,physics-2-capacitance-and-dielectrics-0009,content/physics-2/questions/physics-2-capacitance-and-dielectrics-0009.json,capacitance-and-dielectrics,parallel|plate|capacitance|geometry,MATCHED
runtime-data,physics-2,question,physics-2-capacitance-and-dielectrics-0010,content/physics-2/questions/physics-2-capacitance-and-dielectrics-0010.json,capacitance-and-dielectrics,energy|stored|density,MATCHED
runtime-data,physics-2,question,physics-2-capacitance-and-dielectrics-0011,content/physics-2/questions/physics-2-capacitance-and-dielectrics-0011.json,capacitance-and-dielectrics,capacitors|series|parallel|how|formulas,MATCHED
runtime-data,physics-2,question,physics-2-capacitance-and-dielectrics-0012,content/physics-2/questions/physics-2-capacitance-and-dielectrics-0012.json,capacitance-and-dielectrics,dielectric|constant,MATCHED
runtime-data,physics-2,question,physics-2-current-and-resistance-0001,content/physics-2/questions/physics-2-current-and-resistance-0001.json,current-and-resistance,current|definition|conventional|direction,MATCHED
runtime-data,physics-2,question,physics-2-current-and-resistance-0002,content/physics-2/questions/physics-2-current-and-resistance-0002.json,current-and-resistance,current|density|drift|velocity,MATCHED
runtime-data,physics-2,question,physics-2-current-and-resistance-0003,content/physics-2/questions/physics-2-current-and-resistance-0003.json,current-and-resistance,ohm|law|ohmic|vs|nonohmic|materials,MATCHED
runtime-data,physics-2,question,physics-2-current-and-resistance-0004,content/physics-2/questions/physics-2-current-and-resistance-0004.json,current-and-resistance,resistance|resistivity|geometry,MATCHED
runtime-data,physics-2,question,physics-2-current-and-resistance-0005,content/physics-2/questions/physics-2-current-and-resistance-0005.json,current-and-resistance,temperature|dependence|resistivity,MATCHED
runtime-data,physics-2,question,physics-2-current-and-resistance-0006,content/physics-2/questions/physics-2-current-and-resistance-0006.json,current-and-resistance,electrical|power|three|equivalent|forms,MATCHED
runtime-data,physics-2,question,physics-2-current-and-resistance-0007,content/physics-2/questions/physics-2-current-and-resistance-0007.json,current-and-resistance,emf|terminal|voltage,MATCHED
runtime-data,physics-2,question,physics-2-current-and-resistance-0008,content/physics-2/questions/physics-2-current-and-resistance-0008.json,current-and-resistance,internal|resistance,MATCHED
runtime-data,physics-2,question,physics-2-current-and-resistance-0009,content/physics-2/questions/physics-2-current-and-resistance-0009.json,current-and-resistance,energy|cost|calculations,MATCHED
runtime-data,physics-2,question,physics-2-current-and-resistance-0010,content/physics-2/questions/physics-2-current-and-resistance-0010.json,current-and-resistance,current|definition|conventional|direction,MATCHED
runtime-data,physics-2,question,physics-2-current-and-resistance-0011,content/physics-2/questions/physics-2-current-and-resistance-0011.json,current-and-resistance,current|density|drift|velocity,MATCHED
runtime-data,physics-2,question,physics-2-current-and-resistance-0012,content/physics-2/questions/physics-2-current-and-resistance-0012.json,current-and-resistance,ohm|law|ohmic|vs|nonohmic|materials,MATCHED
runtime-data,physics-2,question,physics-2-dc-circuits-0001,content/physics-2/questions/physics-2-dc-circuits-0001.json,dc-circuits,series|parallel|resistor|combination,MATCHED
runtime-data,physics-2,question,physics-2-dc-circuits-0002,content/physics-2/questions/physics-2-dc-circuits-0002.json,dc-circuits,equivalent|resistance|reduction,MATCHED
runtime-data,physics-2,question,physics-2-dc-circuits-0003,content/physics-2/questions/physics-2-dc-circuits-0003.json,dc-circuits,kirchhoff|junction|loop|rules|explicit|sig,MATCHED
runtime-data,physics-2,question,physics-2-dc-circuits-0004,content/physics-2/questions/physics-2-dc-circuits-0004.json,dc-circuits,multiloop|solution|strategy,MATCHED
runtime-data,physics-2,question,physics-2-dc-circuits-0005,content/physics-2/questions/physics-2-dc-circuits-0005.json,dc-circuits,rc|charging|discharging|time|constant,MATCHED
runtime-data,physics-2,question,physics-2-dc-circuits-0006,content/physics-2/questions/physics-2-dc-circuits-0006.json,dc-circuits,ammeter|voltmeter|placement|ideal|behavior,MATCHED
runtime-data,physics-2,question,physics-2-dc-circuits-0007,content/physics-2/questions/physics-2-dc-circuits-0007.json,dc-circuits,wheatstone|bridge,MATCHED
runtime-data,physics-2,question,physics-2-dc-circuits-0008,content/physics-2/questions/physics-2-dc-circuits-0008.json,dc-circuits,potentiometer,MATCHED
runtime-data,physics-2,question,physics-2-dc-circuits-0009,content/physics-2/questions/physics-2-dc-circuits-0009.json,dc-circuits,household|wiring|grounding|safety|devices,MATCHED
runtime-data,physics-2,question,physics-2-dc-circuits-0010,content/physics-2/questions/physics-2-dc-circuits-0010.json,dc-circuits,series|parallel|resistor|combination,MATCHED
runtime-data,physics-2,question,physics-2-dc-circuits-0011,content/physics-2/questions/physics-2-dc-circuits-0011.json,dc-circuits,equivalent|resistance|reduction,MATCHED
runtime-data,physics-2,question,physics-2-dc-circuits-0012,content/physics-2/questions/physics-2-dc-circuits-0012.json,dc-circuits,kirchhoff|junction|loop|rules|explicit|sig,MATCHED
runtime-data,physics-2,question,physics-2-magnetic-fields-and-forces-0001,content/physics-2/questions/physics-2-magnetic-fields-and-forces-0001.json,magnetic-fields-and-forces,magnetic|field|concept|lines,MATCHED
runtime-data,physics-2,question,physics-2-magnetic-fields-and-forces-0002,content/physics-2/questions/physics-2-magnetic-fields-and-forces-0002.json,magnetic-fields-and-forces,force|on|moving|charge|cross|product|structu,MATCHED
runtime-data,physics-2,question,physics-2-magnetic-fields-and-forces-0003,content/physics-2/questions/physics-2-magnetic-fields-and-forces-0003.json,magnetic-fields-and-forces,right|hand|rules|stated|explicitly,MATCHED
runtime-data,physics-2,question,physics-2-magnetic-fields-and-forces-0004,content/physics-2/questions/physics-2-magnetic-fields-and-forces-0004.json,magnetic-fields-and-forces,circular|helical|motion|charges|uniform|fiel,MATCHED
runtime-data,physics-2,question,physics-2-magnetic-fields-and-forces-0005,content/physics-2/questions/physics-2-magnetic-fields-and-forces-0005.json,magnetic-fields-and-forces,cyclotron|frequency|radius,MATCHED
runtime-data,physics-2,question,physics-2-magnetic-fields-and-forces-0006,content/physics-2/questions/physics-2-magnetic-fields-and-forces-0006.json,magnetic-fields-and-forces,force|on|current|carrying|wire,MATCHED
runtime-data,physics-2,question,physics-2-magnetic-fields-and-forces-0007,content/physics-2/questions/physics-2-magnetic-fields-and-forces-0007.json,magnetic-fields-and-forces,torque|on|current|loop|magnetic|dipole|moment,MATCHED
runtime-data,physics-2,question,physics-2-magnetic-fields-and-forces-0008,content/physics-2/questions/physics-2-magnetic-fields-and-forces-0008.json,magnetic-fields-and-forces,hall|effect,MATCHED
runtime-data,physics-2,question,physics-2-magnetic-fields-and-forces-0009,content/physics-2/questions/physics-2-magnetic-fields-and-forces-0009.json,magnetic-fields-and-forces,velocity|selector,MATCHED
runtime-data,physics-2,question,physics-2-magnetic-fields-and-forces-0010,content/physics-2/questions/physics-2-magnetic-fields-and-forces-0010.json,magnetic-fields-and-forces,mass|spectrometer,MATCHED
runtime-data,physics-2,question,physics-2-magnetic-fields-and-forces-0011,content/physics-2/questions/physics-2-magnetic-fields-and-forces-0011.json,magnetic-fields-and-forces,magnetic|field|concept|lines,MATCHED
runtime-data,physics-2,question,physics-2-magnetic-fields-and-forces-0012,content/physics-2/questions/physics-2-magnetic-fields-and-forces-0012.json,magnetic-fields-and-forces,force|on|moving|charge|cross|product|structu,MATCHED
runtime-data,physics-2,question,physics-2-sources-of-magnetic-fields-0001,content/physics-2/questions/physics-2-sources-of-magnetic-fields-0001.json,sources-of-magnetic-fields,biot|savart|law|structure,MATCHED
runtime-data,physics-2,question,physics-2-sources-of-magnetic-fields-0002,content/physics-2/questions/physics-2-sources-of-magnetic-fields-0002.json,sources-of-magnetic-fields,field|long|straight|wire,MATCHED
runtime-data,physics-2,question,physics-2-sources-of-magnetic-fields-0003,content/physics-2/questions/physics-2-sources-of-magnetic-fields-0003.json,sources-of-magnetic-fields,force|between|parallel|currents|its|direction,MATCHED
runtime-data,physics-2,question,physics-2-sources-of-magnetic-fields-0004,content/physics-2/questions/physics-2-sources-of-magnetic-fields-0004.json,sources-of-magnetic-fields,field|at|center|current|loop,MATCHED
runtime-data,physics-2,question,physics-2-sources-of-magnetic-fields-0005,content/physics-2/questions/physics-2-sources-of-magnetic-fields-0005.json,sources-of-magnetic-fields,ampere|law|choosing|amperian|loop,MATCHED
runtime-data,physics-2,question,physics-2-sources-of-magnetic-fields-0006,content/physics-2/questions/physics-2-sources-of-magnetic-fields-0006.json,sources-of-magnetic-fields,solenoid|field,MATCHED
runtime-data,physics-2,question,physics-2-sources-of-magnetic-fields-0007,content/physics-2/questions/physics-2-sources-of-magnetic-fields-0007.json,sources-of-magnetic-fields,toroid|field,MATCHED
runtime-data,physics-2,question,physics-2-sources-of-magnetic-fields-0008,content/physics-2/questions/physics-2-sources-of-magnetic-fields-0008.json,sources-of-magnetic-fields,ferromagnetic|paramagnetic|diamagnetic|behavior,MATCHED
runtime-data,physics-2,question,physics-2-sources-of-magnetic-fields-0009,content/physics-2/questions/physics-2-sources-of-magnetic-fields-0009.json,sources-of-magnetic-fields,magnetic|domains|hysteresis|qualitatively,MATCHED
runtime-data,physics-2,question,physics-2-sources-of-magnetic-fields-0010,content/physics-2/questions/physics-2-sources-of-magnetic-fields-0010.json,sources-of-magnetic-fields,biot|savart|law|structure,MATCHED
runtime-data,physics-2,question,physics-2-sources-of-magnetic-fields-0011,content/physics-2/questions/physics-2-sources-of-magnetic-fields-0011.json,sources-of-magnetic-fields,field|long|straight|wire,MATCHED
runtime-data,physics-2,question,physics-2-sources-of-magnetic-fields-0012,content/physics-2/questions/physics-2-sources-of-magnetic-fields-0012.json,sources-of-magnetic-fields,force|between|parallel|currents|its|direction,MATCHED
runtime-data,physics-2,question,physics-2-electromagnetic-induction-0001,content/physics-2/questions/physics-2-electromagnetic-induction-0001.json,electromagnetic-induction,magnetic|flux,MATCHED
runtime-data,physics-2,question,physics-2-electromagnetic-induction-0002,content/physics-2/questions/physics-2-electromagnetic-induction-0002.json,electromagnetic-induction,faraday|law|minus|sign|explained,MATCHED
runtime-data,physics-2,question,physics-2-electromagnetic-induction-0003,content/physics-2/questions/physics-2-electromagnetic-induction-0003.json,electromagnetic-induction,lenz|law|systematic|direction|determination,MATCHED
runtime-data,physics-2,question,physics-2-electromagnetic-induction-0004,content/physics-2/questions/physics-2-electromagnetic-induction-0004.json,electromagnetic-induction,motional|emf|rod|on|rails|problem,MATCHED
runtime-data,physics-2,question,physics-2-electromagnetic-induction-0005,content/physics-2/questions/physics-2-electromagnetic-induction-0005.json,electromagnetic-induction,induced|electric|fields,MATCHED
runtime-data,physics-2,question,physics-2-electromagnetic-induction-0006,content/physics-2/questions/physics-2-electromagnetic-induction-0006.json,electromagnetic-induction,eddy|currents|braking,MATCHED
runtime-data,physics-2,question,physics-2-electromagnetic-induction-0007,content/physics-2/questions/physics-2-electromagnetic-induction-0007.json,electromagnetic-induction,ac|dc|generators,MATCHED
runtime-data,physics-2,question,physics-2-electromagnetic-induction-0008,content/physics-2/questions/physics-2-electromagnetic-induction-0008.json,electromagnetic-induction,transformer|turns|ratio|power|conservation,MATCHED
runtime-data,physics-2,question,physics-2-electromagnetic-induction-0009,content/physics-2/questions/physics-2-electromagnetic-induction-0009.json,electromagnetic-induction,mutual|inductance|self,MATCHED
runtime-data,physics-2,question,physics-2-electromagnetic-induction-0010,content/physics-2/questions/physics-2-electromagnetic-induction-0010.json,electromagnetic-induction,magnetic|flux,MATCHED
runtime-data,physics-2,question,physics-2-electromagnetic-induction-0011,content/physics-2/questions/physics-2-electromagnetic-induction-0011.json,electromagnetic-induction,faraday|law|minus|sign|explained,MATCHED
runtime-data,physics-2,question,physics-2-electromagnetic-induction-0012,content/physics-2/questions/physics-2-electromagnetic-induction-0012.json,electromagnetic-induction,lenz|law|systematic|direction|determination,MATCHED
runtime-data,physics-2,question,physics-2-inductance-and-ac-circuits-0001,content/physics-2/questions/physics-2-inductance-and-ac-circuits-0001.json,inductance-and-ac-circuits,self|inductance|definition,MATCHED
runtime-data,physics-2,question,physics-2-inductance-and-ac-circuits-0002,content/physics-2/questions/physics-2-inductance-and-ac-circuits-0002.json,inductance-and-ac-circuits,energy|stored|inductor|magnetic|field,MATCHED
runtime-data,physics-2,question,physics-2-inductance-and-ac-circuits-0003,content/physics-2/questions/physics-2-inductance-and-ac-circuits-0003.json,inductance-and-ac-circuits,rl|circuit|growth|decay|time|constant,MATCHED
runtime-data,physics-2,question,physics-2-inductance-and-ac-circuits-0004,content/physics-2/questions/physics-2-inductance-and-ac-circuits-0004.json,inductance-and-ac-circuits,ac|source|description|rms|vs|peak|values,MATCHED
runtime-data,physics-2,question,physics-2-inductance-and-ac-circuits-0005,content/physics-2/questions/physics-2-inductance-and-ac-circuits-0005.json,inductance-and-ac-circuits,inductive|capacitive|reactance|their|frequency,MATCHED
runtime-data,physics-2,question,physics-2-inductance-and-ac-circuits-0006,content/physics-2/questions/physics-2-inductance-and-ac-circuits-0006.json,inductance-and-ac-circuits,phasor|reasoning,MATCHED
runtime-data,physics-2,question,physics-2-inductance-and-ac-circuits-0007,content/physics-2/questions/physics-2-inductance-and-ac-circuits-0007.json,inductance-and-ac-circuits,impedance|series|rlc|circuit,MATCHED
runtime-data,physics-2,question,physics-2-inductance-and-ac-circuits-0008,content/physics-2/questions/physics-2-inductance-and-ac-circuits-0008.json,inductance-and-ac-circuits,phase|angle,MATCHED
runtime-data,physics-2,question,physics-2-inductance-and-ac-circuits-0009,content/physics-2/questions/physics-2-inductance-and-ac-circuits-0009.json,inductance-and-ac-circuits,resonance|frequency,MATCHED
runtime-data,physics-2,question,physics-2-inductance-and-ac-circuits-0010,content/physics-2/questions/physics-2-inductance-and-ac-circuits-0010.json,inductance-and-ac-circuits,power|factor|average,MATCHED
runtime-data,physics-2,question,physics-2-inductance-and-ac-circuits-0011,content/physics-2/questions/physics-2-inductance-and-ac-circuits-0011.json,inductance-and-ac-circuits,self|inductance|definition,MATCHED
runtime-data,physics-2,question,physics-2-inductance-and-ac-circuits-0012,content/physics-2/questions/physics-2-inductance-and-ac-circuits-0012.json,inductance-and-ac-circuits,energy|stored|inductor|magnetic|field,MATCHED
runtime-data,physics-2,question,physics-2-electromagnetic-waves-0001,content/physics-2/questions/physics-2-electromagnetic-waves-0001.json,electromagnetic-waves,four|maxwell|equations|qualitatively,MATCHED
runtime-data,physics-2,question,physics-2-electromagnetic-waves-0002,content/physics-2/questions/physics-2-electromagnetic-waves-0002.json,electromagnetic-waves,displacement|current,MATCHED
runtime-data,physics-2,question,physics-2-electromagnetic-waves-0003,content/physics-2/questions/physics-2-electromagnetic-waves-0003.json,electromagnetic-waves,wave|nature|coupled|fields,MATCHED
runtime-data,physics-2,question,physics-2-electromagnetic-waves-0004,content/physics-2/questions/physics-2-electromagnetic-waves-0004.json,electromagnetic-waves,speed|light|permittivity|permeability,MATCHED
runtime-data,physics-2,question,physics-2-electromagnetic-waves-0005,content/physics-2/questions/physics-2-electromagnetic-waves-0005.json,electromagnetic-waves,transverse|character|field|orientation|relatio,MATCHED
runtime-data,physics-2,question,physics-2-electromagnetic-waves-0006,content/physics-2/questions/physics-2-electromagnetic-waves-0006.json,electromagnetic-waves,energy|density|intensity,MATCHED
runtime-data,physics-2,question,physics-2-electromagnetic-waves-0007,content/physics-2/questions/physics-2-electromagnetic-waves-0007.json,electromagnetic-waves,poynting|vector,MATCHED
runtime-data,physics-2,question,physics-2-electromagnetic-waves-0008,content/physics-2/questions/physics-2-electromagnetic-waves-0008.json,electromagnetic-waves,radiation|pressure,MATCHED
runtime-data,physics-2,question,physics-2-electromagnetic-waves-0009,content/physics-2/questions/physics-2-electromagnetic-waves-0009.json,electromagnetic-waves,full|electromagnetic|spectrum|rough|wavelengt,MATCHED
runtime-data,physics-2,question,physics-2-electromagnetic-waves-0010,content/physics-2/questions/physics-2-electromagnetic-waves-0010.json,electromagnetic-waves,polarization|states|malus|law,MATCHED
runtime-data,physics-2,question,physics-2-electromagnetic-waves-0011,content/physics-2/questions/physics-2-electromagnetic-waves-0011.json,electromagnetic-waves,four|maxwell|equations|qualitatively,MATCHED
runtime-data,physics-2,question,physics-2-electromagnetic-waves-0012,content/physics-2/questions/physics-2-electromagnetic-waves-0012.json,electromagnetic-waves,displacement|current,MATCHED
runtime-data,physics-2,question,physics-2-geometric-optics-reflection-and-mirrors-0001,content/physics-2/questions/physics-2-geometric-optics-reflection-and-mirrors-0001.json,geometric-optics-reflection-and-mirrors,law|reflection,MATCHED
runtime-data,physics-2,question,physics-2-geometric-optics-reflection-and-mirrors-0002,content/physics-2/questions/physics-2-geometric-optics-reflection-and-mirrors-0002.json,geometric-optics-reflection-and-mirrors,specular|vs|diffuse|reflection,MATCHED
runtime-data,physics-2,question,physics-2-geometric-optics-reflection-and-mirrors-0003,content/physics-2/questions/physics-2-geometric-optics-reflection-and-mirrors-0003.json,geometric-optics-reflection-and-mirrors,plane|mirror|image|characteristics|apparent|depth,MATCHED
runtime-data,physics-2,question,physics-2-geometric-optics-reflection-and-mirrors-0004,content/physics-2/questions/physics-2-geometric-optics-reflection-and-mirrors-0004.json,geometric-optics-reflection-and-mirrors,concave|convex|mirror|geometry,MATCHED
runtime-data,physics-2,question,physics-2-geometric-optics-reflection-and-mirrors-0005,content/physics-2/questions/physics-2-geometric-optics-reflection-and-mirrors-0005.json,geometric-optics-reflection-and-mirrors,focal|length|radius|curvature,MATCHED
runtime-data,physics-2,question,physics-2-geometric-optics-reflection-and-mirrors-0006,content/physics-2/questions/physics-2-geometric-optics-reflection-and-mirrors-0006.json,geometric-optics-reflection-and-mirrors,mirror|equation|repository|sign|convention|st,MATCHED
runtime-data,physics-2,question,physics-2-geometric-optics-reflection-and-mirrors-0007,content/physics-2/questions/physics-2-geometric-optics-reflection-and-mirrors-0007.json,geometric-optics-reflection-and-mirrors,magnification,MATCHED
runtime-data,physics-2,question,physics-2-geometric-optics-reflection-and-mirrors-0008,content/physics-2/questions/physics-2-geometric-optics-reflection-and-mirrors-0008.json,geometric-optics-reflection-and-mirrors,principal|ray|diagrams|described|words,MATCHED
runtime-data,physics-2,question,physics-2-geometric-optics-reflection-and-mirrors-0009,content/physics-2/questions/physics-2-geometric-optics-reflection-and-mirrors-0009.json,geometric-optics-reflection-and-mirrors,real|vs|virtual|upright|inverted|determination,MATCHED
runtime-data,physics-2,question,physics-2-geometric-optics-reflection-and-mirrors-0010,content/physics-2/questions/physics-2-geometric-optics-reflection-and-mirrors-0010.json,geometric-optics-reflection-and-mirrors,spherical|aberration,MATCHED
runtime-data,physics-2,question,physics-2-geometric-optics-reflection-and-mirrors-0011,content/physics-2/questions/physics-2-geometric-optics-reflection-and-mirrors-0011.json,geometric-optics-reflection-and-mirrors,applications,MATCHED
runtime-data,physics-2,question,physics-2-geometric-optics-reflection-and-mirrors-0012,content/physics-2/questions/physics-2-geometric-optics-reflection-and-mirrors-0012.json,geometric-optics-reflection-and-mirrors,law|reflection,MATCHED
runtime-data,physics-2,question,physics-2-geometric-optics-refraction-and-lenses-0001,content/physics-2/questions/physics-2-geometric-optics-refraction-and-lenses-0001.json,geometric-optics-refraction-and-lenses,index|refraction|wave|speed|media,MATCHED
runtime-data,physics-2,question,physics-2-geometric-optics-refraction-and-lenses-0002,content/physics-2/questions/physics-2-geometric-optics-refraction-and-lenses-0002.json,geometric-optics-refraction-and-lenses,snell|law,MATCHED
runtime-data,physics-2,question,physics-2-geometric-optics-refraction-and-lenses-0003,content/physics-2/questions/physics-2-geometric-optics-refraction-and-lenses-0003.json,geometric-optics-refraction-and-lenses,apparent|depth|lateral|displacement,MATCHED
runtime-data,physics-2,question,physics-2-geometric-optics-refraction-and-lenses-0004,content/physics-2/questions/physics-2-geometric-optics-refraction-and-lenses-0004.json,geometric-optics-refraction-and-lenses,total|internal|reflection|critical|angle,MATCHED
runtime-data,physics-2,question,physics-2-geometric-optics-refraction-and-lenses-0005,content/physics-2/questions/physics-2-geometric-optics-refraction-and-lenses-0005.json,geometric-optics-refraction-and-lenses,fiber|optics,MATCHED
runtime-data,physics-2,question,physics-2-geometric-optics-refraction-and-lenses-0006,content/physics-2/questions/physics-2-geometric-optics-refraction-and-lenses-0006.json,geometric-optics-refraction-and-lenses,dispersion|prisms,MATCHED
runtime-data,physics-2,question,physics-2-geometric-optics-refraction-and-lenses-0007,content/physics-2/questions/physics-2-geometric-optics-refraction-and-lenses-0007.json,geometric-optics-refraction-and-lenses,thin|lens|equation|repository|sign|convention,MATCHED
runtime-data,physics-2,question,physics-2-geometric-optics-refraction-and-lenses-0008,content/physics-2/questions/physics-2-geometric-optics-refraction-and-lenses-0008.json,geometric-optics-refraction-and-lenses,converging|vs|diverging|lens|behavior,MATCHED
runtime-data,physics-2,question,physics-2-geometric-optics-refraction-and-lenses-0009,content/physics-2/questions/physics-2-geometric-optics-refraction-and-lenses-0009.json,geometric-optics-refraction-and-lenses,lensmaker|equation,MATCHED
runtime-data,physics-2,question,physics-2-geometric-optics-refraction-and-lenses-0010,content/physics-2/questions/physics-2-geometric-optics-refraction-and-lenses-0010.json,geometric-optics-refraction-and-lenses,magnification|image|characterization,MATCHED
runtime-data,physics-2,question,physics-2-geometric-optics-refraction-and-lenses-0011,content/physics-2/questions/physics-2-geometric-optics-refraction-and-lenses-0011.json,geometric-optics-refraction-and-lenses,two|lens|systems,MATCHED
runtime-data,physics-2,question,physics-2-geometric-optics-refraction-and-lenses-0012,content/physics-2/questions/physics-2-geometric-optics-refraction-and-lenses-0012.json,geometric-optics-refraction-and-lenses,microscope|telescope|camera,MATCHED
runtime-data,physics-2,question,physics-2-wave-optics-0001,content/physics-2/questions/physics-2-wave-optics-0001.json,wave-optics,huygens|principle,MATCHED
runtime-data,physics-2,question,physics-2-wave-optics-0002,content/physics-2/questions/physics-2-wave-optics-0002.json,wave-optics,coherence,MATCHED
runtime-data,physics-2,question,physics-2-wave-optics-0003,content/physics-2/questions/physics-2-wave-optics-0003.json,wave-optics,young|double|slit|geometry|fringe|spacing,MATCHED
runtime-data,physics-2,question,physics-2-wave-optics-0004,content/physics-2/questions/physics-2-wave-optics-0004.json,wave-optics,path|difference|conditions|maxima|minima,MATCHED
runtime-data,physics-2,question,physics-2-wave-optics-0005,content/physics-2/questions/physics-2-wave-optics-0005.json,wave-optics,intensity|distribution|qualitatively,MATCHED
runtime-data,physics-2,question,physics-2-wave-optics-0006,content/physics-2/questions/physics-2-wave-optics-0006.json,wave-optics,thin|film|interference|including|half|wavelength,MATCHED
runtime-data,physics-2,question,physics-2-wave-optics-0007,content/physics-2/questions/physics-2-wave-optics-0007.json,wave-optics,newton|rings,MATCHED
runtime-data,physics-2,question,physics-2-wave-optics-0008,content/physics-2/questions/physics-2-wave-optics-0008.json,wave-optics,single|slit|diffraction|width|relationship,MATCHED
runtime-data,physics-2,question,physics-2-wave-optics-0009,content/physics-2/questions/physics-2-wave-optics-0009.json,wave-optics,circular|aperture|diffraction,MATCHED
runtime-data,physics-2,question,physics-2-wave-optics-0010,content/physics-2/questions/physics-2-wave-optics-0010.json,wave-optics,diffraction|grating|equation|resolving|power,MATCHED
runtime-data,physics-2,question,physics-2-wave-optics-0011,content/physics-2/questions/physics-2-wave-optics-0011.json,wave-optics,rayleigh|criterion,MATCHED
runtime-data,physics-2,question,physics-2-wave-optics-0012,content/physics-2/questions/physics-2-wave-optics-0012.json,wave-optics,polarization|by|reflection|brewster|angle,MATCHED
runtime-data,physics-2,question,physics-2-modern-physics-special-relativity-0001,content/physics-2/questions/physics-2-modern-physics-special-relativity-0001.json,modern-physics-special-relativity,two|postulates,MATCHED
runtime-data,physics-2,question,physics-2-modern-physics-special-relativity-0002,content/physics-2/questions/physics-2-modern-physics-special-relativity-0002.json,modern-physics-special-relativity,simultaneity|its|relativity,MATCHED
runtime-data,physics-2,question,physics-2-modern-physics-special-relativity-0003,content/physics-2/questions/physics-2-modern-physics-special-relativity-0003.json,modern-physics-special-relativity,lorentz|factor,MATCHED
runtime-data,physics-2,question,physics-2-modern-physics-special-relativity-0004,content/physics-2/questions/physics-2-modern-physics-special-relativity-0004.json,modern-physics-special-relativity,time|dilation|proper,MATCHED
runtime-data,physics-2,question,physics-2-modern-physics-special-relativity-0005,content/physics-2/questions/physics-2-modern-physics-special-relativity-0005.json,modern-physics-special-relativity,length|contraction|proper,MATCHED
runtime-data,physics-2,question,physics-2-modern-physics-special-relativity-0006,content/physics-2/questions/physics-2-modern-physics-special-relativity-0006.json,modern-physics-special-relativity,relativistic|velocity|addition,MATCHED
runtime-data,physics-2,question,physics-2-modern-physics-special-relativity-0007,content/physics-2/questions/physics-2-modern-physics-special-relativity-0007.json,modern-physics-special-relativity,relativistic|momentum,MATCHED
runtime-data,physics-2,question,physics-2-modern-physics-special-relativity-0008,content/physics-2/questions/physics-2-modern-physics-special-relativity-0008.json,modern-physics-special-relativity,total|energy|rest|kinetic,MATCHED
runtime-data,physics-2,question,physics-2-modern-physics-special-relativity-0009,content/physics-2/questions/physics-2-modern-physics-special-relativity-0009.json,modern-physics-special-relativity,energy|momentum|relation,MATCHED
runtime-data,physics-2,question,physics-2-modern-physics-special-relativity-0010,content/physics-2/questions/physics-2-modern-physics-special-relativity-0010.json,modern-physics-special-relativity,mass|energy|equivalence,MATCHED
runtime-data,physics-2,question,physics-2-modern-physics-special-relativity-0011,content/physics-2/questions/physics-2-modern-physics-special-relativity-0011.json,modern-physics-special-relativity,twin|paradox|resolved,MATCHED
runtime-data,physics-2,question,physics-2-modern-physics-special-relativity-0012,content/physics-2/questions/physics-2-modern-physics-special-relativity-0012.json,modern-physics-special-relativity,classical|limits|at|low|speed,MATCHED
runtime-data,physics-2,question,physics-2-modern-physics-quantum-and-nuclear-0001,content/physics-2/questions/physics-2-modern-physics-quantum-and-nuclear-0001.json,modern-physics-quantum-and-nuclear,blackbody|radiation|ultraviolet|catastrophe,MATCHED
runtime-data,physics-2,question,physics-2-modern-physics-quantum-and-nuclear-0002,content/physics-2/questions/physics-2-modern-physics-quantum-and-nuclear-0002.json,modern-physics-quantum-and-nuclear,photon|energy,MATCHED
runtime-data,physics-2,question,physics-2-modern-physics-quantum-and-nuclear-0003,content/physics-2/questions/physics-2-modern-physics-quantum-and-nuclear-0003.json,modern-physics-quantum-and-nuclear,photoelectric|effect|work|function|stopping,MATCHED
runtime-data,physics-2,question,physics-2-modern-physics-quantum-and-nuclear-0004,content/physics-2/questions/physics-2-modern-physics-quantum-and-nuclear-0004.json,modern-physics-quantum-and-nuclear,compton|scattering,MATCHED
runtime-data,physics-2,question,physics-2-modern-physics-quantum-and-nuclear-0005,content/physics-2/questions/physics-2-modern-physics-quantum-and-nuclear-0005.json,modern-physics-quantum-and-nuclear,wave|particle|duality,MATCHED
runtime-data,physics-2,question,physics-2-modern-physics-quantum-and-nuclear-0006,content/physics-2/questions/physics-2-modern-physics-quantum-and-nuclear-0006.json,modern-physics-quantum-and-nuclear,de|broglie|wavelength,MATCHED
runtime-data,physics-2,question,physics-2-modern-physics-quantum-and-nuclear-0007,content/physics-2/questions/physics-2-modern-physics-quantum-and-nuclear-0007.json,modern-physics-quantum-and-nuclear,electron|diffraction,MATCHED
runtime-data,physics-2,question,physics-2-modern-physics-quantum-and-nuclear-0008,content/physics-2/questions/physics-2-modern-physics-quantum-and-nuclear-0008.json,modern-physics-quantum-and-nuclear,heisenberg|uncertainty|principle,MATCHED
runtime-data,physics-2,question,physics-2-modern-physics-quantum-and-nuclear-0009,content/physics-2/questions/physics-2-modern-physics-quantum-and-nuclear-0009.json,modern-physics-quantum-and-nuclear,bohr|model|energy|levels|spectral|series,MATCHED
runtime-data,physics-2,question,physics-2-modern-physics-quantum-and-nuclear-0010,content/physics-2/questions/physics-2-modern-physics-quantum-and-nuclear-0010.json,modern-physics-quantum-and-nuclear,quantum|numbers|orbital|labeling,MATCHED
runtime-data,physics-2,question,physics-2-modern-physics-quantum-and-nuclear-0011,content/physics-2/questions/physics-2-modern-physics-quantum-and-nuclear-0011.json,modern-physics-quantum-and-nuclear,nuclear|composition|isotope|notation,MATCHED
runtime-data,physics-2,question,physics-2-modern-physics-quantum-and-nuclear-0012,content/physics-2/questions/physics-2-modern-physics-quantum-and-nuclear-0012.json,modern-physics-quantum-and-nuclear,mass|defect|binding|energy|per|nucleon,MATCHED
runtime-data,microbiology,subject-summary,microbiology,,,lessons=35|notes=35|questions=0|assets=0|tags=97,MATCHED
runtime-data,microbiology,lesson,microbiology-01-foundations-of-microbiology-01-what-microbiology-is-and-why-it-matters,,01-foundations-of-microbiology-01-what-microbiology-is-and-why-it-matters,,MATCHED
runtime-data,microbiology,lesson,microbiology-01-foundations-of-microbiology-02-history-of-microbiology-and-germ-theory,,01-foundations-of-microbiology-02-history-of-microbiology-and-germ-theory,,MATCHED
runtime-data,microbiology,lesson,microbiology-01-foundations-of-microbiology-03-classification-and-naming-of-microorganisms,,01-foundations-of-microbiology-03-classification-and-naming-of-microorganisms,,MATCHED
runtime-data,microbiology,lesson,microbiology-01-foundations-of-microbiology-04-overview-of-microbial-groups,,01-foundations-of-microbiology-04-overview-of-microbial-groups,,MATCHED
runtime-data,microbiology,lesson,microbiology-02-microscopy-staining-and-lab-skills-01-microscopy-types-and-principles,,02-microscopy-staining-and-lab-skills-01-microscopy-types-and-principles,,MATCHED
runtime-data,microbiology,lesson,microbiology-02-microscopy-staining-and-lab-skills-02-preparing-specimens-and-simple-stains,,02-microscopy-staining-and-lab-skills-02-preparing-specimens-and-simple-stains,,MATCHED
runtime-data,microbiology,lesson,microbiology-02-microscopy-staining-and-lab-skills-03-differential-stains-gram-and-acid-fast,,02-microscopy-staining-and-lab-skills-03-differential-stains-gram-and-acid-fast,,MATCHED
runtime-data,microbiology,lesson,microbiology-02-microscopy-staining-and-lab-skills-04-culturing-microorganisms-and-aseptic-technique,,02-microscopy-staining-and-lab-skills-04-culturing-microorganisms-and-aseptic-technique,,MATCHED
runtime-data,microbiology,lesson,microbiology-03-bacterial-cell-structure-and-function-01-prokaryotic-vs-eukaryotic-cells,,03-bacterial-cell-structure-and-function-01-prokaryotic-vs-eukaryotic-cells,,MATCHED
runtime-data,microbiology,lesson,microbiology-03-bacterial-cell-structure-and-function-02-bacterial-shapes-arrangements-and-envelope,,03-bacterial-cell-structure-and-function-02-bacterial-shapes-arrangements-and-envelope,,MATCHED
runtime-data,microbiology,lesson,microbiology-03-bacterial-cell-structure-and-function-03-the-bacterial-cell-wall,,03-bacterial-cell-structure-and-function-03-the-bacterial-cell-wall,,MATCHED
runtime-data,microbiology,lesson,microbiology-03-bacterial-cell-structure-and-function-04-external-and-internal-bacterial-structures,,03-bacterial-cell-structure-and-function-04-external-and-internal-bacterial-structures,,MATCHED
runtime-data,microbiology,lesson,microbiology-03-bacterial-cell-structure-and-function-05-endospores,,03-bacterial-cell-structure-and-function-05-endospores,,MATCHED
runtime-data,microbiology,lesson,microbiology-04-microbial-metabolism-and-growth-01-microbial-nutrition-and-nutritional-types,,04-microbial-metabolism-and-growth-01-microbial-nutrition-and-nutritional-types,,MATCHED
runtime-data,microbiology,lesson,microbiology-04-microbial-metabolism-and-growth-02-enzymes-and-microbial-metabolism,,04-microbial-metabolism-and-growth-02-enzymes-and-microbial-metabolism,,MATCHED
runtime-data,microbiology,lesson,microbiology-04-microbial-metabolism-and-growth-03-bacterial-growth-and-the-growth-curve,,04-microbial-metabolism-and-growth-03-bacterial-growth-and-the-growth-curve,,MATCHED
runtime-data,microbiology,lesson,microbiology-04-microbial-metabolism-and-growth-04-environmental-requirements-for-growth,,04-microbial-metabolism-and-growth-04-environmental-requirements-for-growth,,MATCHED
runtime-data,microbiology,lesson,microbiology-05-microbial-genetics-01-bacterial-molecular-genetics,,05-microbial-genetics-01-bacterial-molecular-genetics,,MATCHED
runtime-data,microbiology,lesson,microbiology-05-microbial-genetics-02-mutation-and-its-consequences,,05-microbial-genetics-02-mutation-and-its-consequences,,MATCHED
runtime-data,microbiology,lesson,microbiology-05-microbial-genetics-03-horizontal-gene-transfer,,05-microbial-genetics-03-horizontal-gene-transfer,,MATCHED
runtime-data,microbiology,lesson,microbiology-05-microbial-genetics-04-genetic-basis-of-antimicrobial-resistance,,05-microbial-genetics-04-genetic-basis-of-antimicrobial-resistance,,MATCHED
runtime-data,microbiology,lesson,microbiology-06-control-of-microbial-growth-01-physical-methods-of-control,,06-control-of-microbial-growth-01-physical-methods-of-control,,MATCHED
runtime-data,microbiology,lesson,microbiology-06-control-of-microbial-growth-02-chemical-methods-of-control,,06-control-of-microbial-growth-02-chemical-methods-of-control,,MATCHED
runtime-data,microbiology,lesson,microbiology-06-control-of-microbial-growth-03-antimicrobial-drugs-and-mechanisms,,06-control-of-microbial-growth-03-antimicrobial-drugs-and-mechanisms,,MATCHED
runtime-data,microbiology,lesson,microbiology-06-control-of-microbial-growth-04-antimicrobial-resistance-and-stewardship,,06-control-of-microbial-growth-04-antimicrobial-resistance-and-stewardship,,MATCHED
runtime-data,microbiology,lesson,microbiology-07-viruses-fungi-parasites-and-prions-01-viruses-structure-and-classification,,07-viruses-fungi-parasites-and-prions-01-viruses-structure-and-classification,,MATCHED
runtime-data,microbiology,lesson,microbiology-07-viruses-fungi-parasites-and-prions-02-viral-replication-cycles,,07-viruses-fungi-parasites-and-prions-02-viral-replication-cycles,,MATCHED
runtime-data,microbiology,lesson,microbiology-07-viruses-fungi-parasites-and-prions-03-fungi,,07-viruses-fungi-parasites-and-prions-03-fungi,,MATCHED
runtime-data,microbiology,lesson,microbiology-07-viruses-fungi-parasites-and-prions-04-protozoa-and-helminths,,07-viruses-fungi-parasites-and-prions-04-protozoa-and-helminths,,MATCHED
runtime-data,microbiology,lesson,microbiology-07-viruses-fungi-parasites-and-prions-05-prions-and-emerging-agents,,07-viruses-fungi-parasites-and-prions-05-prions-and-emerging-agents,,MATCHED
runtime-data,microbiology,lesson,microbiology-08-immunology-and-infection-01-host-microbe-relationships-and-microbiota,,08-immunology-and-infection-01-host-microbe-relationships-and-microbiota,,MATCHED
runtime-data,microbiology,lesson,microbiology-08-immunology-and-infection-02-pathogenicity-and-virulence,,08-immunology-and-infection-02-pathogenicity-and-virulence,,MATCHED
runtime-data,microbiology,lesson,microbiology-08-immunology-and-infection-03-innate-immunity,,08-immunology-and-infection-03-innate-immunity,,MATCHED
runtime-data,microbiology,lesson,microbiology-08-immunology-and-infection-04-adaptive-immunity,,08-immunology-and-infection-04-adaptive-immunity,,MATCHED
runtime-data,microbiology,lesson,microbiology-08-immunology-and-infection-05-epidemiology-and-infection-control,,08-immunology-and-infection-05-epidemiology-and-infection-control,,MATCHED
runtime-data,microbiology,note,microbiology-01-foundations-of-microbiology-01-what-microbiology-is-and-why-it-matters,content/microbiology/notes/microbiology-01-foundations-of-microbiology-01-what-microbiology-is-and-why-it-matters.md,01-foundations-of-microbiology-01-what-microbiology-is-and-why-it-matters,what|microbiology|is|why|it|matters,MATCHED
runtime-data,microbiology,note,microbiology-01-foundations-of-microbiology-02-history-of-microbiology-and-germ-theory,content/microbiology/notes/microbiology-01-foundations-of-microbiology-02-history-of-microbiology-and-germ-theory.md,01-foundations-of-microbiology-02-history-of-microbiology-and-germ-theory,history|microbiology|germ|theory,MATCHED
runtime-data,microbiology,note,microbiology-01-foundations-of-microbiology-03-classification-and-naming-of-microorganisms,content/microbiology/notes/microbiology-01-foundations-of-microbiology-03-classification-and-naming-of-microorganisms.md,01-foundations-of-microbiology-03-classification-and-naming-of-microorganisms,classification|naming|microorganisms,MATCHED
runtime-data,microbiology,note,microbiology-01-foundations-of-microbiology-04-overview-of-microbial-groups,content/microbiology/notes/microbiology-01-foundations-of-microbiology-04-overview-of-microbial-groups.md,01-foundations-of-microbiology-04-overview-of-microbial-groups,overview|microbial|groups,MATCHED
runtime-data,microbiology,note,microbiology-02-microscopy-staining-and-lab-skills-01-microscopy-types-and-principles,content/microbiology/notes/microbiology-02-microscopy-staining-and-lab-skills-01-microscopy-types-and-principles.md,02-microscopy-staining-and-lab-skills-01-microscopy-types-and-principles,microscopy|types|principles,MATCHED
runtime-data,microbiology,note,microbiology-02-microscopy-staining-and-lab-skills-02-preparing-specimens-and-simple-stains,content/microbiology/notes/microbiology-02-microscopy-staining-and-lab-skills-02-preparing-specimens-and-simple-stains.md,02-microscopy-staining-and-lab-skills-02-preparing-specimens-and-simple-stains,preparing|specimens|simple|stains,MATCHED
runtime-data,microbiology,note,microbiology-02-microscopy-staining-and-lab-skills-03-differential-stains-gram-and-acid-fast,content/microbiology/notes/microbiology-02-microscopy-staining-and-lab-skills-03-differential-stains-gram-and-acid-fast.md,02-microscopy-staining-and-lab-skills-03-differential-stains-gram-and-acid-fast,differential|stains|gram|acid|fast,MATCHED
runtime-data,microbiology,note,microbiology-02-microscopy-staining-and-lab-skills-04-culturing-microorganisms-and-aseptic-technique,content/microbiology/notes/microbiology-02-microscopy-staining-and-lab-skills-04-culturing-microorganisms-and-aseptic-technique.md,02-microscopy-staining-and-lab-skills-04-culturing-microorganisms-and-aseptic-technique,culturing|microorganisms|aseptic|technique,MATCHED
runtime-data,microbiology,note,microbiology-03-bacterial-cell-structure-and-function-01-prokaryotic-vs-eukaryotic-cells,content/microbiology/notes/microbiology-03-bacterial-cell-structure-and-function-01-prokaryotic-vs-eukaryotic-cells.md,03-bacterial-cell-structure-and-function-01-prokaryotic-vs-eukaryotic-cells,prokaryotic|vs|eukaryotic|cells,MATCHED
runtime-data,microbiology,note,microbiology-03-bacterial-cell-structure-and-function-02-bacterial-shapes-arrangements-and-envelope,content/microbiology/notes/microbiology-03-bacterial-cell-structure-and-function-02-bacterial-shapes-arrangements-and-envelope.md,03-bacterial-cell-structure-and-function-02-bacterial-shapes-arrangements-and-envelope,bacterial|shapes|arrangements|cell|envelope,MATCHED
runtime-data,microbiology,note,microbiology-03-bacterial-cell-structure-and-function-03-the-bacterial-cell-wall,content/microbiology/notes/microbiology-03-bacterial-cell-structure-and-function-03-the-bacterial-cell-wall.md,03-bacterial-cell-structure-and-function-03-the-bacterial-cell-wall,bacterial|cell|wall|gram|positive|vs|negative,MATCHED
runtime-data,microbiology,note,microbiology-03-bacterial-cell-structure-and-function-04-external-and-internal-bacterial-structures,content/microbiology/notes/microbiology-03-bacterial-cell-structure-and-function-04-external-and-internal-bacterial-structures.md,03-bacterial-cell-structure-and-function-04-external-and-internal-bacterial-structures,external|internal|bacterial|structures,MATCHED
runtime-data,microbiology,note,microbiology-03-bacterial-cell-structure-and-function-05-endospores,content/microbiology/notes/microbiology-03-bacterial-cell-structure-and-function-05-endospores.md,03-bacterial-cell-structure-and-function-05-endospores,endospores,MATCHED
runtime-data,microbiology,note,microbiology-04-microbial-metabolism-and-growth-01-microbial-nutrition-and-nutritional-types,content/microbiology/notes/microbiology-04-microbial-metabolism-and-growth-01-microbial-nutrition-and-nutritional-types.md,04-microbial-metabolism-and-growth-01-microbial-nutrition-and-nutritional-types,microbial|nutrition|nutritional|types,MATCHED
runtime-data,microbiology,note,microbiology-04-microbial-metabolism-and-growth-02-enzymes-and-microbial-metabolism,content/microbiology/notes/microbiology-04-microbial-metabolism-and-growth-02-enzymes-and-microbial-metabolism.md,04-microbial-metabolism-and-growth-02-enzymes-and-microbial-metabolism,enzymes|microbial|metabolism,MATCHED
runtime-data,microbiology,note,microbiology-04-microbial-metabolism-and-growth-03-bacterial-growth-and-the-growth-curve,content/microbiology/notes/microbiology-04-microbial-metabolism-and-growth-03-bacterial-growth-and-the-growth-curve.md,04-microbial-metabolism-and-growth-03-bacterial-growth-and-the-growth-curve,bacterial|growth|curve,MATCHED
runtime-data,microbiology,note,microbiology-04-microbial-metabolism-and-growth-04-environmental-requirements-for-growth,content/microbiology/notes/microbiology-04-microbial-metabolism-and-growth-04-environmental-requirements-for-growth.md,04-microbial-metabolism-and-growth-04-environmental-requirements-for-growth,environmental|requirements|growth,MATCHED
runtime-data,microbiology,note,microbiology-05-microbial-genetics-01-bacterial-molecular-genetics,content/microbiology/notes/microbiology-05-microbial-genetics-01-bacterial-molecular-genetics.md,05-microbial-genetics-01-bacterial-molecular-genetics,dna|replication|transcription|translation|bacteria,MATCHED
runtime-data,microbiology,note,microbiology-05-microbial-genetics-02-mutation-and-its-consequences,content/microbiology/notes/microbiology-05-microbial-genetics-02-mutation-and-its-consequences.md,05-microbial-genetics-02-mutation-and-its-consequences,mutation|its|consequences,MATCHED
runtime-data,microbiology,note,microbiology-05-microbial-genetics-03-horizontal-gene-transfer,content/microbiology/notes/microbiology-05-microbial-genetics-03-horizontal-gene-transfer.md,05-microbial-genetics-03-horizontal-gene-transfer,horizontal|gene|transfer,MATCHED
runtime-data,microbiology,note,microbiology-05-microbial-genetics-04-genetic-basis-of-antimicrobial-resistance,content/microbiology/notes/microbiology-05-microbial-genetics-04-genetic-basis-of-antimicrobial-resistance.md,05-microbial-genetics-04-genetic-basis-of-antimicrobial-resistance,genetic|basis|antimicrobial|resistance,MATCHED
runtime-data,microbiology,note,microbiology-06-control-of-microbial-growth-01-physical-methods-of-control,content/microbiology/notes/microbiology-06-control-of-microbial-growth-01-physical-methods-of-control.md,06-control-of-microbial-growth-01-physical-methods-of-control,physical|methods|control,MATCHED
runtime-data,microbiology,note,microbiology-06-control-of-microbial-growth-02-chemical-methods-of-control,content/microbiology/notes/microbiology-06-control-of-microbial-growth-02-chemical-methods-of-control.md,06-control-of-microbial-growth-02-chemical-methods-of-control,chemical|methods|control,MATCHED
runtime-data,microbiology,note,microbiology-06-control-of-microbial-growth-03-antimicrobial-drugs-and-mechanisms,content/microbiology/notes/microbiology-06-control-of-microbial-growth-03-antimicrobial-drugs-and-mechanisms.md,06-control-of-microbial-growth-03-antimicrobial-drugs-and-mechanisms,antimicrobial|drugs|mechanisms,MATCHED
runtime-data,microbiology,note,microbiology-06-control-of-microbial-growth-04-antimicrobial-resistance-and-stewardship,content/microbiology/notes/microbiology-06-control-of-microbial-growth-04-antimicrobial-resistance-and-stewardship.md,06-control-of-microbial-growth-04-antimicrobial-resistance-and-stewardship,antimicrobial|resistance|stewardship,MATCHED
runtime-data,microbiology,note,microbiology-07-viruses-fungi-parasites-and-prions-01-viruses-structure-and-classification,content/microbiology/notes/microbiology-07-viruses-fungi-parasites-and-prions-01-viruses-structure-and-classification.md,07-viruses-fungi-parasites-and-prions-01-viruses-structure-and-classification,viruses|structure|classification,MATCHED
runtime-data,microbiology,note,microbiology-07-viruses-fungi-parasites-and-prions-02-viral-replication-cycles,content/microbiology/notes/microbiology-07-viruses-fungi-parasites-and-prions-02-viral-replication-cycles.md,07-viruses-fungi-parasites-and-prions-02-viral-replication-cycles,viral|replication|cycles,MATCHED
runtime-data,microbiology,note,microbiology-07-viruses-fungi-parasites-and-prions-03-fungi,content/microbiology/notes/microbiology-07-viruses-fungi-parasites-and-prions-03-fungi.md,07-viruses-fungi-parasites-and-prions-03-fungi,fungi,MATCHED
runtime-data,microbiology,note,microbiology-07-viruses-fungi-parasites-and-prions-04-protozoa-and-helminths,content/microbiology/notes/microbiology-07-viruses-fungi-parasites-and-prions-04-protozoa-and-helminths.md,07-viruses-fungi-parasites-and-prions-04-protozoa-and-helminths,protozoa|helminths,MATCHED
runtime-data,microbiology,note,microbiology-07-viruses-fungi-parasites-and-prions-05-prions-and-emerging-agents,content/microbiology/notes/microbiology-07-viruses-fungi-parasites-and-prions-05-prions-and-emerging-agents.md,07-viruses-fungi-parasites-and-prions-05-prions-and-emerging-agents,prions|emerging|agents,MATCHED
runtime-data,microbiology,note,microbiology-08-immunology-and-infection-01-host-microbe-relationships-and-microbiota,content/microbiology/notes/microbiology-08-immunology-and-infection-01-host-microbe-relationships-and-microbiota.md,08-immunology-and-infection-01-host-microbe-relationships-and-microbiota,host|microbe|relationships|normal|microbiota,MATCHED
runtime-data,microbiology,note,microbiology-08-immunology-and-infection-02-pathogenicity-and-virulence,content/microbiology/notes/microbiology-08-immunology-and-infection-02-pathogenicity-and-virulence.md,08-immunology-and-infection-02-pathogenicity-and-virulence,pathogenicity|virulence,MATCHED
runtime-data,microbiology,note,microbiology-08-immunology-and-infection-03-innate-immunity,content/microbiology/notes/microbiology-08-immunology-and-infection-03-innate-immunity.md,08-immunology-and-infection-03-innate-immunity,innate|immunity,MATCHED
runtime-data,microbiology,note,microbiology-08-immunology-and-infection-04-adaptive-immunity,content/microbiology/notes/microbiology-08-immunology-and-infection-04-adaptive-immunity.md,08-immunology-and-infection-04-adaptive-immunity,adaptive|immunity,MATCHED
runtime-data,microbiology,note,microbiology-08-immunology-and-infection-05-epidemiology-and-infection-control,content/microbiology/notes/microbiology-08-immunology-and-infection-05-epidemiology-and-infection-control.md,08-immunology-and-infection-05-epidemiology-and-infection-control,epidemiology|infection|control,MATCHED
runtime-data,genetics,subject-summary,genetics,,,lessons=16|notes=16|questions=192|assets=0|tags=480,MATCHED
runtime-data,genetics,lesson,genetics-introduction-to-genetics-and-history,,introduction-to-genetics-and-history,,MATCHED
runtime-data,genetics,lesson,genetics-cell-division-and-chromosomes,,cell-division-and-chromosomes,,MATCHED
runtime-data,genetics,lesson,genetics-mendelian-genetics-i-principles,,mendelian-genetics-i-principles,,MATCHED
runtime-data,genetics,lesson,genetics-mendelian-genetics-ii-extensions,,mendelian-genetics-ii-extensions,,MATCHED
runtime-data,genetics,lesson,genetics-sex-determination-and-sex-linked-inheritance,,sex-determination-and-sex-linked-inheritance,,MATCHED
runtime-data,genetics,lesson,genetics-linkage-and-genetic-mapping,,linkage-and-genetic-mapping,,MATCHED
runtime-data,genetics,lesson,genetics-dna-structure-and-replication,,dna-structure-and-replication,,MATCHED
runtime-data,genetics,lesson,genetics-dna-repair-and-mutation,,dna-repair-and-mutation,,MATCHED
runtime-data,genetics,lesson,genetics-gene-expression-transcription,,gene-expression-transcription,,MATCHED
runtime-data,genetics,lesson,genetics-gene-expression-translation-and-genetic-code,,gene-expression-translation-and-genetic-code,,MATCHED
runtime-data,genetics,lesson,genetics-gene-regulation-prokaryotes,,gene-regulation-prokaryotes,,MATCHED
runtime-data,genetics,lesson,genetics-gene-regulation-eukaryotes-and-epigenetics,,gene-regulation-eukaryotes-and-epigenetics,,MATCHED
runtime-data,genetics,lesson,genetics-recombinant-dna-technology-and-biotechnology,,recombinant-dna-technology-and-biotechnology,,MATCHED
runtime-data,genetics,lesson,genetics-genomics-and-bioinformatics,,genomics-and-bioinformatics,,MATCHED
runtime-data,genetics,lesson,genetics-population-genetics-and-evolution,,population-genetics-and-evolution,,MATCHED
runtime-data,genetics,lesson,genetics-human-genetics-and-medical-applications,,human-genetics-and-medical-applications,,MATCHED
runtime-data,genetics,note,genetics-introduction-to-genetics-and-history,content/genetics/notes/genetics-introduction-to-genetics-and-history.md,introduction-to-genetics-and-history,genetics|history,MATCHED
runtime-data,genetics,note,genetics-cell-division-and-chromosomes,content/genetics/notes/genetics-cell-division-and-chromosomes.md,cell-division-and-chromosomes,cell|division|chromosomes,MATCHED
runtime-data,genetics,note,genetics-mendelian-genetics-i-principles,content/genetics/notes/genetics-mendelian-genetics-i-principles.md,mendelian-genetics-i-principles,mendelian|genetics|principles,MATCHED
runtime-data,genetics,note,genetics-mendelian-genetics-ii-extensions,content/genetics/notes/genetics-mendelian-genetics-ii-extensions.md,mendelian-genetics-ii-extensions,mendelian|genetics|extensions,MATCHED
runtime-data,genetics,note,genetics-sex-determination-and-sex-linked-inheritance,content/genetics/notes/genetics-sex-determination-and-sex-linked-inheritance.md,sex-determination-and-sex-linked-inheritance,sex|determination|linked|inheritance,MATCHED
runtime-data,genetics,note,genetics-linkage-and-genetic-mapping,content/genetics/notes/genetics-linkage-and-genetic-mapping.md,linkage-and-genetic-mapping,linkage|genetic|mapping,MATCHED
runtime-data,genetics,note,genetics-dna-structure-and-replication,content/genetics/notes/genetics-dna-structure-and-replication.md,dna-structure-and-replication,dna|structure|replication,MATCHED
runtime-data,genetics,note,genetics-dna-repair-and-mutation,content/genetics/notes/genetics-dna-repair-and-mutation.md,dna-repair-and-mutation,dna|repair|mutation,MATCHED
runtime-data,genetics,note,genetics-gene-expression-transcription,content/genetics/notes/genetics-gene-expression-transcription.md,gene-expression-transcription,gene|expression|transcription,MATCHED
runtime-data,genetics,note,genetics-gene-expression-translation-and-genetic-code,content/genetics/notes/genetics-gene-expression-translation-and-genetic-code.md,gene-expression-translation-and-genetic-code,gene|expression|translation|genetic|code,MATCHED
runtime-data,genetics,note,genetics-gene-regulation-prokaryotes,content/genetics/notes/genetics-gene-regulation-prokaryotes.md,gene-regulation-prokaryotes,gene|regulation|prokaryotes,MATCHED
runtime-data,genetics,note,genetics-gene-regulation-eukaryotes-and-epigenetics,content/genetics/notes/genetics-gene-regulation-eukaryotes-and-epigenetics.md,gene-regulation-eukaryotes-and-epigenetics,gene|regulation|eukaryotes|epigenetics,MATCHED
runtime-data,genetics,note,genetics-recombinant-dna-technology-and-biotechnology,content/genetics/notes/genetics-recombinant-dna-technology-and-biotechnology.md,recombinant-dna-technology-and-biotechnology,recombinant|dna|technology|biotechnology,MATCHED
runtime-data,genetics,note,genetics-genomics-and-bioinformatics,content/genetics/notes/genetics-genomics-and-bioinformatics.md,genomics-and-bioinformatics,genomics|bioinformatics,MATCHED
runtime-data,genetics,note,genetics-population-genetics-and-evolution,content/genetics/notes/genetics-population-genetics-and-evolution.md,population-genetics-and-evolution,population|genetics|evolution,MATCHED
runtime-data,genetics,note,genetics-human-genetics-and-medical-applications,content/genetics/notes/genetics-human-genetics-and-medical-applications.md,human-genetics-and-medical-applications,human|genetics|medical|applications,MATCHED
runtime-data,genetics,question,genetics-introduction-to-genetics-and-history-0001,content/genetics/questions/genetics-introduction-to-genetics-and-history-0001.json,introduction-to-genetics-and-history,mendel|presentation|publication|dates,MATCHED
runtime-data,genetics,question,genetics-introduction-to-genetics-and-history-0002,content/genetics/questions/genetics-introduction-to-genetics-and-history-0002.json,introduction-to-genetics-and-history,law|segregation,MATCHED
runtime-data,genetics,question,genetics-introduction-to-genetics-and-history-0003,content/genetics/questions/genetics-introduction-to-genetics-and-history-0003.json,introduction-to-genetics-and-history,law|independent|assortment,MATCHED
runtime-data,genetics,question,genetics-introduction-to-genetics-and-history-0004,content/genetics/questions/genetics-introduction-to-genetics-and-history-0004.json,introduction-to-genetics-and-history,morgan|1910|linked|white|eyes,MATCHED
runtime-data,genetics,question,genetics-introduction-to-genetics-and-history-0005,content/genetics/questions/genetics-introduction-to-genetics-and-history-0005.json,introduction-to-genetics-and-history,model|organism|choice|linkage|mapping,MATCHED
runtime-data,genetics,question,genetics-introduction-to-genetics-and-history-0006,content/genetics/questions/genetics-introduction-to-genetics-and-history-0006.json,introduction-to-genetics-and-history,watson|crick|1953|double|helix,MATCHED
runtime-data,genetics,question,genetics-introduction-to-genetics-and-history-0007,content/genetics/questions/genetics-introduction-to-genetics-and-history-0007.json,introduction-to-genetics-and-history,human|genome|project|completion|2003,MATCHED
runtime-data,genetics,question,genetics-introduction-to-genetics-and-history-0008,content/genetics/questions/genetics-introduction-to-genetics-and-history-0008.json,introduction-to-genetics-and-history,gamete|probability|product|rule,MATCHED
runtime-data,genetics,question,genetics-introduction-to-genetics-and-history-0009,content/genetics/questions/genetics-introduction-to-genetics-and-history-0009.json,introduction-to-genetics-and-history,model|organism|cell|lineage|study,MATCHED
runtime-data,genetics,question,genetics-introduction-to-genetics-and-history-0010,content/genetics/questions/genetics-introduction-to-genetics-and-history-0010.json,introduction-to-genetics-and-history,monohybrid|cross|phenotypic|ratio,MATCHED
runtime-data,genetics,question,genetics-introduction-to-genetics-and-history-0011,content/genetics/questions/genetics-introduction-to-genetics-and-history-0011.json,introduction-to-genetics-and-history,genetics|history|ethics|debate,MATCHED
runtime-data,genetics,question,genetics-introduction-to-genetics-and-history-0012,content/genetics/questions/genetics-introduction-to-genetics-and-history-0012.json,introduction-to-genetics-and-history,why|mendel|chose|pea,MATCHED
runtime-data,genetics,question,genetics-cell-division-and-chromosomes-0001,content/genetics/questions/genetics-cell-division-and-chromosomes-0001.json,cell-division-and-chromosomes,dna|damage|checkpoint|response,MATCHED
runtime-data,genetics,question,genetics-cell-division-and-chromosomes-0002,content/genetics/questions/genetics-cell-division-and-chromosomes-0002.json,cell-division-and-chromosomes,meiosis|outcome|human|cell,MATCHED
runtime-data,genetics,question,genetics-cell-division-and-chromosomes-0003,content/genetics/questions/genetics-cell-division-and-chromosomes-0003.json,cell-division-and-chromosomes,nondisjunction|meiosis,MATCHED
runtime-data,genetics,question,genetics-cell-division-and-chromosomes-0004,content/genetics/questions/genetics-cell-division-and-chromosomes-0004.json,cell-division-and-chromosomes,centromere|role|chromosome|movement,MATCHED
runtime-data,genetics,question,genetics-cell-division-and-chromosomes-0005,content/genetics/questions/genetics-cell-division-and-chromosomes-0005.json,cell-division-and-chromosomes,karyotype|interpretation|xxy,MATCHED
runtime-data,genetics,question,genetics-cell-division-and-chromosomes-0006,content/genetics/questions/genetics-cell-division-and-chromosomes-0006.json,cell-division-and-chromosomes,chromosome|number|after|mitosis,MATCHED
runtime-data,genetics,question,genetics-cell-division-and-chromosomes-0007,content/genetics/questions/genetics-cell-division-and-chromosomes-0007.json,cell-division-and-chromosomes,telomere|template|component,MATCHED
runtime-data,genetics,question,genetics-cell-division-and-chromosomes-0008,content/genetics/questions/genetics-cell-division-and-chromosomes-0008.json,cell-division-and-chromosomes,equational|division|identity,MATCHED
runtime-data,genetics,question,genetics-cell-division-and-chromosomes-0009,content/genetics/questions/genetics-cell-division-and-chromosomes-0009.json,cell-division-and-chromosomes,cdk1|inhibition|cell|cycle|arrest,MATCHED
runtime-data,genetics,question,genetics-cell-division-and-chromosomes-0010,content/genetics/questions/genetics-cell-division-and-chromosomes-0010.json,cell-division-and-chromosomes,trisomy|18|chromosome|count,MATCHED
runtime-data,genetics,question,genetics-cell-division-and-chromosomes-0011,content/genetics/questions/genetics-cell-division-and-chromosomes-0011.json,cell-division-and-chromosomes,turner|syndrome|nondisjunction|origin,MATCHED
runtime-data,genetics,question,genetics-cell-division-and-chromosomes-0012,content/genetics/questions/genetics-cell-division-and-chromosomes-0012.json,cell-division-and-chromosomes,event|unique|meiosis,MATCHED
runtime-data,genetics,question,genetics-mendelian-genetics-i-principles-0001,content/genetics/questions/genetics-mendelian-genetics-i-principles-0001.json,mendelian-genetics-i-principles,monohybrid|cross|f2|phenotypic|ratio,MATCHED
runtime-data,genetics,question,genetics-mendelian-genetics-i-principles-0002,content/genetics/questions/genetics-mendelian-genetics-i-principles-0002.json,mendelian-genetics-i-principles,product|rule|across|two|loci,MATCHED
runtime-data,genetics,question,genetics-mendelian-genetics-i-principles-0003,content/genetics/questions/genetics-mendelian-genetics-i-principles-0003.json,mendelian-genetics-i-principles,purpose|test|cross,MATCHED
runtime-data,genetics,question,genetics-mendelian-genetics-i-principles-0004,content/genetics/questions/genetics-mendelian-genetics-i-principles-0004.json,mendelian-genetics-i-principles,chi|square|degrees|freedom,MATCHED
runtime-data,genetics,question,genetics-mendelian-genetics-i-principles-0005,content/genetics/questions/genetics-mendelian-genetics-i-principles-0005.json,mendelian-genetics-i-principles,chi|square|goodness|fit|value,MATCHED
runtime-data,genetics,question,genetics-mendelian-genetics-i-principles-0006,content/genetics/questions/genetics-mendelian-genetics-i-principles-0006.json,mendelian-genetics-i-principles,dihybrid|cross|phenotypic|ratio,MATCHED
runtime-data,genetics,question,genetics-mendelian-genetics-i-principles-0007,content/genetics/questions/genetics-mendelian-genetics-i-principles-0007.json,mendelian-genetics-i-principles,probability|specific|dihybrid|genotype,MATCHED
runtime-data,genetics,question,genetics-mendelian-genetics-i-principles-0008,content/genetics/questions/genetics-mendelian-genetics-i-principles-0008.json,mendelian-genetics-i-principles,two|locus|test|cross|genotype,MATCHED
runtime-data,genetics,question,genetics-mendelian-genetics-i-principles-0009,content/genetics/questions/genetics-mendelian-genetics-i-principles-0009.json,mendelian-genetics-i-principles,gamete|types|dihybrid,MATCHED
runtime-data,genetics,question,genetics-mendelian-genetics-i-principles-0010,content/genetics/questions/genetics-mendelian-genetics-i-principles-0010.json,mendelian-genetics-i-principles,genotypic|versus|phenotypic|ratio,MATCHED
runtime-data,genetics,question,genetics-mendelian-genetics-i-principles-0011,content/genetics/questions/genetics-mendelian-genetics-i-principles-0011.json,mendelian-genetics-i-principles,expected|count|dihybrid|class,MATCHED
runtime-data,genetics,question,genetics-mendelian-genetics-i-principles-0012,content/genetics/questions/genetics-mendelian-genetics-i-principles-0012.json,mendelian-genetics-i-principles,sum|rule|homozygous|classes,MATCHED
runtime-data,genetics,question,genetics-mendelian-genetics-ii-extensions-0001,content/genetics/questions/genetics-mendelian-genetics-ii-extensions-0001.json,mendelian-genetics-ii-extensions,incomplete|dominance|monohybrid|ratio,MATCHED
runtime-data,genetics,question,genetics-mendelian-genetics-ii-extensions-0002,content/genetics/questions/genetics-mendelian-genetics-ii-extensions-0002.json,mendelian-genetics-ii-extensions,codominance|abo|blood|type|cross,MATCHED
runtime-data,genetics,question,genetics-mendelian-genetics-ii-extensions-0003,content/genetics/questions/genetics-mendelian-genetics-ii-extensions-0003.json,mendelian-genetics-ii-extensions,abo|child|probability|calculation,MATCHED
runtime-data,genetics,question,genetics-mendelian-genetics-ii-extensions-0004,content/genetics/questions/genetics-mendelian-genetics-ii-extensions-0004.json,mendelian-genetics-ii-extensions,recessive|epistasis|labrador|coat|color,MATCHED
runtime-data,genetics,question,genetics-mendelian-genetics-ii-extensions-0005,content/genetics/questions/genetics-mendelian-genetics-ii-extensions-0005.json,mendelian-genetics-ii-extensions,duplicate|gene|action|ovoid|capsule|fraction,MATCHED
runtime-data,genetics,question,genetics-mendelian-genetics-ii-extensions-0006,content/genetics/questions/genetics-mendelian-genetics-ii-extensions-0006.json,mendelian-genetics-ii-extensions,cumulative|duplicate|loci|squash|shape,MATCHED
runtime-data,genetics,question,genetics-mendelian-genetics-ii-extensions-0007,content/genetics/questions/genetics-mendelian-genetics-ii-extensions-0007.json,mendelian-genetics-ii-extensions,lethal|allele|yellow|mouse|cross,MATCHED
runtime-data,genetics,question,genetics-mendelian-genetics-ii-extensions-0008,content/genetics/questions/genetics-mendelian-genetics-ii-extensions-0008.json,mendelian-genetics-ii-extensions,penetrance|definition,MATCHED
runtime-data,genetics,question,genetics-mendelian-genetics-ii-extensions-0009,content/genetics/questions/genetics-mendelian-genetics-ii-extensions-0009.json,mendelian-genetics-ii-extensions,variable|expressivity|neurofibromatosis,MATCHED
runtime-data,genetics,question,genetics-mendelian-genetics-ii-extensions-0010,content/genetics/questions/genetics-mendelian-genetics-ii-extensions-0010.json,mendelian-genetics-ii-extensions,pleiotropy|marfan|syndrome,MATCHED
runtime-data,genetics,question,genetics-mendelian-genetics-ii-extensions-0011,content/genetics/questions/genetics-mendelian-genetics-ii-extensions-0011.json,mendelian-genetics-ii-extensions,complementation|test|cross,MATCHED
runtime-data,genetics,question,genetics-mendelian-genetics-ii-extensions-0012,content/genetics/questions/genetics-mendelian-genetics-ii-extensions-0012.json,mendelian-genetics-ii-extensions,abo|pedigree|parental|genotypes,MATCHED
runtime-data,genetics,question,genetics-sex-determination-and-sex-linked-inheritance-0001,content/genetics/questions/genetics-sex-determination-and-sex-linked-inheritance-0001.json,sex-determination-and-sex-linked-inheritance,male|sex|determination|switch,MATCHED
runtime-data,genetics,question,genetics-sex-determination-and-sex-linked-inheritance-0002,content/genetics/questions/genetics-sex-determination-and-sex-linked-inheritance-0002.json,sex-determination-and-sex-linked-inheritance,hemizygosity|at|linked|locus,MATCHED
runtime-data,genetics,question,genetics-sex-determination-and-sex-linked-inheritance-0003,content/genetics/questions/genetics-sex-determination-and-sex-linked-inheritance-0003.json,sex-determination-and-sex-linked-inheritance,xist|barr|body,MATCHED
runtime-data,genetics,question,genetics-sex-determination-and-sex-linked-inheritance-0004,content/genetics/questions/genetics-sex-determination-and-sex-linked-inheritance-0004.json,sex-determination-and-sex-linked-inheritance,carrier|mother|unaffected|father|sons,MATCHED
runtime-data,genetics,question,genetics-sex-determination-and-sex-linked-inheritance-0005,content/genetics/questions/genetics-sex-determination-and-sex-linked-inheritance-0005.json,sex-determination-and-sex-linked-inheritance,linked|dominant|carrier|cross,MATCHED
runtime-data,genetics,question,genetics-sex-determination-and-sex-linked-inheritance-0006,content/genetics/questions/genetics-sex-determination-and-sex-linked-inheritance-0006.json,sex-determination-and-sex-linked-inheritance,linked|father|son,MATCHED
runtime-data,genetics,question,genetics-sex-determination-and-sex-linked-inheritance-0007,content/genetics/questions/genetics-sex-determination-and-sex-linked-inheritance-0007.json,sex-determination-and-sex-linked-inheritance,color|blindness|carrier|affected|father,MATCHED
runtime-data,genetics,question,genetics-sex-determination-and-sex-linked-inheritance-0008,content/genetics/questions/genetics-sex-determination-and-sex-linked-inheritance-0008.json,sex-determination-and-sex-linked-inheritance,sex|influenced|wool|color|cross,MATCHED
runtime-data,genetics,question,genetics-sex-determination-and-sex-linked-inheritance-0009,content/genetics/questions/genetics-sex-determination-and-sex-linked-inheritance-0009.json,sex-determination-and-sex-linked-inheritance,barr|body|count|klinefelter|syndrome,MATCHED
runtime-data,genetics,question,genetics-sex-determination-and-sex-linked-inheritance-0010,content/genetics/questions/genetics-sex-determination-and-sex-linked-inheritance-0010.json,sex-determination-and-sex-linked-inheritance,obligate|carrier|first|son,MATCHED
runtime-data,genetics,question,genetics-sex-determination-and-sex-linked-inheritance-0011,content/genetics/questions/genetics-sex-determination-and-sex-linked-inheritance-0011.json,sex-determination-and-sex-linked-inheritance,dmd|pedigree|carrier|probability,MATCHED
runtime-data,genetics,question,genetics-sex-determination-and-sex-linked-inheritance-0012,content/genetics/questions/genetics-sex-determination-and-sex-linked-inheritance-0012.json,sex-determination-and-sex-linked-inheritance,linked|dominant|father|daughters,MATCHED
runtime-data,genetics,question,genetics-linkage-and-genetic-mapping-0001,content/genetics/questions/genetics-linkage-and-genetic-mapping-0001.json,linkage-and-genetic-mapping,three|point|test|cross|gene|order,MATCHED
runtime-data,genetics,question,genetics-linkage-and-genetic-mapping-0002,content/genetics/questions/genetics-linkage-and-genetic-mapping-0002.json,linkage-and-genetic-mapping,two|point|test|cross|map|distance,MATCHED
runtime-data,genetics,question,genetics-linkage-and-genetic-mapping-0003,content/genetics/questions/genetics-linkage-and-genetic-mapping-0003.json,linkage-and-genetic-mapping,recombination|frequency|saturation,MATCHED
runtime-data,genetics,question,genetics-linkage-and-genetic-mapping-0004,content/genetics/questions/genetics-linkage-and-genetic-mapping-0004.json,linkage-and-genetic-mapping,coefficient|coincidence|interference,MATCHED
runtime-data,genetics,question,genetics-linkage-and-genetic-mapping-0005,content/genetics/questions/genetics-linkage-and-genetic-mapping-0005.json,linkage-and-genetic-mapping,double|crossover|correction|map|distance,MATCHED
runtime-data,genetics,question,genetics-linkage-and-genetic-mapping-0006,content/genetics/questions/genetics-linkage-and-genetic-mapping-0006.json,linkage-and-genetic-mapping,gwas|association|interpretation,MATCHED
runtime-data,genetics,question,genetics-linkage-and-genetic-mapping-0007,content/genetics/questions/genetics-linkage-and-genetic-mapping-0007.json,linkage-and-genetic-mapping,lod|score|odds|ratio,MATCHED
runtime-data,genetics,question,genetics-linkage-and-genetic-mapping-0008,content/genetics/questions/genetics-linkage-and-genetic-mapping-0008.json,linkage-and-genetic-mapping,two|point|test|cross|centimorgan|distance,MATCHED
runtime-data,genetics,question,genetics-linkage-and-genetic-mapping-0009,content/genetics/questions/genetics-linkage-and-genetic-mapping-0009.json,linkage-and-genetic-mapping,two|point|test|cross|linkage|detection,MATCHED
runtime-data,genetics,question,genetics-linkage-and-genetic-mapping-0010,content/genetics/questions/genetics-linkage-and-genetic-mapping-0010.json,linkage-and-genetic-mapping,three|point|cross|advantage,MATCHED
runtime-data,genetics,question,genetics-linkage-and-genetic-mapping-0011,content/genetics/questions/genetics-linkage-and-genetic-mapping-0011.json,linkage-and-genetic-mapping,interference|definition,MATCHED
runtime-data,genetics,question,genetics-linkage-and-genetic-mapping-0012,content/genetics/questions/genetics-linkage-and-genetic-mapping-0012.json,linkage-and-genetic-mapping,lod|score|threshold|interpretation,MATCHED
runtime-data,genetics,question,genetics-dna-structure-and-replication-0001,content/genetics/questions/genetics-dna-structure-and-replication-0001.json,dna-structure-and-replication,antiparallel|double|helix|meaning,MATCHED
runtime-data,genetics,question,genetics-dna-structure-and-replication-0002,content/genetics/questions/genetics-dna-structure-and-replication-0002.json,dna-structure-and-replication,base|percentages|pairing,MATCHED
runtime-data,genetics,question,genetics-dna-structure-and-replication-0003,content/genetics/questions/genetics-dna-structure-and-replication-0003.json,dna-structure-and-replication,gc|content|melting|temperature,MATCHED
runtime-data,genetics,question,genetics-dna-structure-and-replication-0004,content/genetics/questions/genetics-dna-structure-and-replication-0004.json,dna-structure-and-replication,meselson|stahl|first|generation,MATCHED
runtime-data,genetics,question,genetics-dna-structure-and-replication-0005,content/genetics/questions/genetics-dna-structure-and-replication-0005.json,dna-structure-and-replication,why|okazaki|fragments|form,MATCHED
runtime-data,genetics,question,genetics-dna-structure-and-replication-0006,content/genetics/questions/genetics-dna-structure-and-replication-0006.json,dna-structure-and-replication,origins|replication,MATCHED
runtime-data,genetics,question,genetics-dna-structure-and-replication-0007,content/genetics/questions/genetics-dna-structure-and-replication-0007.json,dna-structure-and-replication,template|new|strand|sequence,MATCHED
runtime-data,genetics,question,genetics-dna-structure-and-replication-0008,content/genetics/questions/genetics-dna-structure-and-replication-0008.json,dna-structure-and-replication,leading|strand|synthesis,MATCHED
runtime-data,genetics,question,genetics-dna-structure-and-replication-0009,content/genetics/questions/genetics-dna-structure-and-replication-0009.json,dna-structure-and-replication,fragment|back|template|sequence,MATCHED
runtime-data,genetics,question,genetics-dna-structure-and-replication-0010,content/genetics/questions/genetics-dna-structure-and-replication-0010.json,dna-structure-and-replication,first|step|at|origin,MATCHED
runtime-data,genetics,question,genetics-dna-structure-and-replication-0011,content/genetics/questions/genetics-dna-structure-and-replication-0011.json,dna-structure-and-replication,hybrid|fraction|after|two|rounds,MATCHED
runtime-data,genetics,question,genetics-dna-structure-and-replication-0012,content/genetics/questions/genetics-dna-structure-and-replication-0012.json,dna-structure-and-replication,rna|primers|start|every|strand,MATCHED
runtime-data,genetics,question,genetics-dna-repair-and-mutation-0001,content/genetics/questions/genetics-dna-repair-and-mutation-0001.json,dna-repair-and-mutation,silent|mutation|classification,MATCHED
runtime-data,genetics,question,genetics-dna-repair-and-mutation-0002,content/genetics/questions/genetics-dna-repair-and-mutation-0002.json,dna-repair-and-mutation,transition|versus|transversion,MATCHED
runtime-data,genetics,question,genetics-dna-repair-and-mutation-0003,content/genetics/questions/genetics-dna-repair-and-mutation-0003.json,dna-repair-and-mutation,nonsense|mutation|truncation,MATCHED
runtime-data,genetics,question,genetics-dna-repair-and-mutation-0004,content/genetics/questions/genetics-dna-repair-and-mutation-0004.json,dna-repair-and-mutation,sequence|analysis|silent|base|change,MATCHED
runtime-data,genetics,question,genetics-dna-repair-and-mutation-0005,content/genetics/questions/genetics-dna-repair-and-mutation-0005.json,dna-repair-and-mutation,mismatch|repair|pathway|choice,MATCHED
runtime-data,genetics,question,genetics-dna-repair-and-mutation-0006,content/genetics/questions/genetics-dna-repair-and-mutation-0006.json,dna-repair-and-mutation,trinucleotide|repeat|expansion|comparison,MATCHED
runtime-data,genetics,question,genetics-dna-repair-and-mutation-0007,content/genetics/questions/genetics-dna-repair-and-mutation-0007.json,dna-repair-and-mutation,nucleotide|excision|repair|uv|damage,MATCHED
runtime-data,genetics,question,genetics-dna-repair-and-mutation-0008,content/genetics/questions/genetics-dna-repair-and-mutation-0008.json,dna-repair-and-mutation,polymerase|error|rate|calculation,MATCHED
runtime-data,genetics,question,genetics-dna-repair-and-mutation-0009,content/genetics/questions/genetics-dna-repair-and-mutation-0009.json,dna-repair-and-mutation,double|strand|break|repair|pathway,MATCHED
runtime-data,genetics,question,genetics-dna-repair-and-mutation-0010,content/genetics/questions/genetics-dna-repair-and-mutation-0010.json,dna-repair-and-mutation,ames|test|reversion|meaning,MATCHED
runtime-data,genetics,question,genetics-dna-repair-and-mutation-0011,content/genetics/questions/genetics-dna-repair-and-mutation-0011.json,dna-repair-and-mutation,fragile|repeat|expansion|mechanism,MATCHED
runtime-data,genetics,question,genetics-dna-repair-and-mutation-0012,content/genetics/questions/genetics-dna-repair-and-mutation-0012.json,dna-repair-and-mutation,frame|deletion|reading,MATCHED
runtime-data,genetics,question,genetics-gene-expression-transcription-0001,content/genetics/questions/genetics-gene-expression-transcription-0001.json,gene-expression-transcription,promoter|function,MATCHED
runtime-data,genetics,question,genetics-gene-expression-transcription-0002,content/genetics/questions/genetics-gene-expression-transcription-0002.json,gene-expression-transcription,template|strand|direction,MATCHED
runtime-data,genetics,question,genetics-gene-expression-transcription-0003,content/genetics/questions/genetics-gene-expression-transcription-0003.json,gene-expression-transcription,transcribing|coding|strand,MATCHED
runtime-data,genetics,question,genetics-gene-expression-transcription-0004,content/genetics/questions/genetics-gene-expression-transcription-0004.json,gene-expression-transcription,mrna|processing|events,MATCHED
runtime-data,genetics,question,genetics-gene-expression-transcription-0005,content/genetics/questions/genetics-gene-expression-transcription-0005.json,gene-expression-transcription,spliceosome,MATCHED
runtime-data,genetics,question,genetics-gene-expression-transcription-0006,content/genetics/questions/genetics-gene-expression-transcription-0006.json,gene-expression-transcription,lac|operon|organization,MATCHED
runtime-data,genetics,question,genetics-gene-expression-transcription-0007,content/genetics/questions/genetics-gene-expression-transcription-0007.json,gene-expression-transcription,alternative|splicing,MATCHED
runtime-data,genetics,question,genetics-gene-expression-transcription-0008,content/genetics/questions/genetics-gene-expression-transcription-0008.json,gene-expression-transcription,five|prime|cap,MATCHED
runtime-data,genetics,question,genetics-gene-expression-transcription-0009,content/genetics/questions/genetics-gene-expression-transcription-0009.json,gene-expression-transcription,rna|synthesis|direction,MATCHED
runtime-data,genetics,question,genetics-gene-expression-transcription-0010,content/genetics/questions/genetics-gene-expression-transcription-0010.json,gene-expression-transcription,polycistronic|transcript|length,MATCHED
runtime-data,genetics,question,genetics-gene-expression-transcription-0011,content/genetics/questions/genetics-gene-expression-transcription-0011.json,gene-expression-transcription,coupled|transcription|translation,MATCHED
runtime-data,genetics,question,genetics-gene-expression-transcription-0012,content/genetics/questions/genetics-gene-expression-transcription-0012.json,gene-expression-transcription,polyadenylation,MATCHED
runtime-data,genetics,question,genetics-gene-expression-translation-and-genetic-code-0001,content/genetics/questions/genetics-gene-expression-translation-and-genetic-code-0001.json,gene-expression-translation-and-genetic-code,reading|frame|start|codon|identification,MATCHED
runtime-data,genetics,question,genetics-gene-expression-translation-and-genetic-code-0002,content/genetics/questions/genetics-gene-expression-translation-and-genetic-code-0002.json,gene-expression-translation-and-genetic-code,degeneracy|genetic|code,MATCHED
runtime-data,genetics,question,genetics-gene-expression-translation-and-genetic-code-0003,content/genetics/questions/genetics-gene-expression-translation-and-genetic-code-0003.json,gene-expression-translation-and-genetic-code,start|stop|codons,MATCHED
runtime-data,genetics,question,genetics-gene-expression-translation-and-genetic-code-0004,content/genetics/questions/genetics-gene-expression-translation-and-genetic-code-0004.json,gene-expression-translation-and-genetic-code,wobble|pairing|at|third|codon|position,MATCHED
runtime-data,genetics,question,genetics-gene-expression-translation-and-genetic-code-0005,content/genetics/questions/genetics-gene-expression-translation-and-genetic-code-0005.json,gene-expression-translation-and-genetic-code,anticodon|amino|acid|mapping,MATCHED
runtime-data,genetics,question,genetics-gene-expression-translation-and-genetic-code-0006,content/genetics/questions/genetics-gene-expression-translation-and-genetic-code-0006.json,gene-expression-translation-and-genetic-code,ribosome|composition,MATCHED
runtime-data,genetics,question,genetics-gene-expression-translation-and-genetic-code-0007,content/genetics/questions/genetics-gene-expression-translation-and-genetic-code-0007.json,gene-expression-translation-and-genetic-code,translation|given|message,MATCHED
runtime-data,genetics,question,genetics-gene-expression-translation-and-genetic-code-0008,content/genetics/questions/genetics-gene-expression-translation-and-genetic-code-0008.json,gene-expression-translation-and-genetic-code,synonymous|codon|silent|mutation,MATCHED
runtime-data,genetics,question,genetics-gene-expression-translation-and-genetic-code-0009,content/genetics/questions/genetics-gene-expression-translation-and-genetic-code-0009.json,gene-expression-translation-and-genetic-code,termination|translation,MATCHED
runtime-data,genetics,question,genetics-gene-expression-translation-and-genetic-code-0010,content/genetics/questions/genetics-gene-expression-translation-and-genetic-code-0010.json,gene-expression-translation-and-genetic-code,probability|stop|codon,MATCHED
runtime-data,genetics,question,genetics-gene-expression-translation-and-genetic-code-0011,content/genetics/questions/genetics-gene-expression-translation-and-genetic-code-0011.json,gene-expression-translation-and-genetic-code,template|directed|synthesis|coding|strand,MATCHED
runtime-data,genetics,question,genetics-gene-expression-translation-and-genetic-code-0012,content/genetics/questions/genetics-gene-expression-translation-and-genetic-code-0012.json,gene-expression-translation-and-genetic-code,fmrp|translation|regulation,MATCHED
runtime-data,genetics,question,genetics-gene-regulation-prokaryotes-0001,content/genetics/questions/genetics-gene-regulation-prokaryotes-0001.json,gene-regulation-prokaryotes,lac|operon|inducibility,MATCHED
runtime-data,genetics,question,genetics-gene-regulation-prokaryotes-0002,content/genetics/questions/genetics-gene-regulation-prokaryotes-0002.json,gene-regulation-prokaryotes,lacy|mutant|induction|failure,MATCHED
runtime-data,genetics,question,genetics-gene-regulation-prokaryotes-0003,content/genetics/questions/genetics-gene-regulation-prokaryotes-0003.json,gene-regulation-prokaryotes,glucose|plus|lactose|catabolite|repression,MATCHED
runtime-data,genetics,question,genetics-gene-regulation-prokaryotes-0004,content/genetics/questions/genetics-gene-regulation-prokaryotes-0004.json,gene-regulation-prokaryotes,positive|versus|negative|control,MATCHED
runtime-data,genetics,question,genetics-gene-regulation-prokaryotes-0005,content/genetics/questions/genetics-gene-regulation-prokaryotes-0005.json,gene-regulation-prokaryotes,trp|operon|repressible,MATCHED
runtime-data,genetics,question,genetics-gene-regulation-prokaryotes-0006,content/genetics/questions/genetics-gene-regulation-prokaryotes-0006.json,gene-regulation-prokaryotes,attenuation|concept,MATCHED
runtime-data,genetics,question,genetics-gene-regulation-prokaryotes-0007,content/genetics/questions/genetics-gene-regulation-prokaryotes-0007.json,gene-regulation-prokaryotes,trp|leader|sequence|analysis,MATCHED
runtime-data,genetics,question,genetics-gene-regulation-prokaryotes-0008,content/genetics/questions/genetics-gene-regulation-prokaryotes-0008.json,gene-regulation-prokaryotes,laco|cis|partial|diploid,MATCHED
runtime-data,genetics,question,genetics-gene-regulation-prokaryotes-0009,content/genetics/questions/genetics-gene-regulation-prokaryotes-0009.json,gene-regulation-prokaryotes,laci|trans|partial|diploid,MATCHED
runtime-data,genetics,question,genetics-gene-regulation-prokaryotes-0010,content/genetics/questions/genetics-gene-regulation-prokaryotes-0010.json,gene-regulation-prokaryotes,two|control|layers|concept,MATCHED
runtime-data,genetics,question,genetics-gene-regulation-prokaryotes-0011,content/genetics/questions/genetics-gene-regulation-prokaryotes-0011.json,gene-regulation-prokaryotes,laci|super|repressor,MATCHED
runtime-data,genetics,question,genetics-gene-regulation-prokaryotes-0012,content/genetics/questions/genetics-gene-regulation-prokaryotes-0012.json,gene-regulation-prokaryotes,trpl|attenuator|mutant|prediction,MATCHED
runtime-data,genetics,question,genetics-gene-regulation-eukaryotes-and-epigenetics-0001,content/genetics/questions/genetics-gene-regulation-eukaryotes-and-epigenetics-0001.json,gene-regulation-eukaryotes-and-epigenetics,enhancer|loops|dna|promoter,MATCHED
runtime-data,genetics,question,genetics-gene-regulation-eukaryotes-and-epigenetics-0002,content/genetics/questions/genetics-gene-regulation-eukaryotes-and-epigenetics-0002.json,gene-regulation-eukaryotes-and-epigenetics,silencer|repressor|binding,MATCHED
runtime-data,genetics,question,genetics-gene-regulation-eukaryotes-and-epigenetics-0003,content/genetics/questions/genetics-gene-regulation-eukaryotes-and-epigenetics-0003.json,gene-regulation-eukaryotes-and-epigenetics,hdac|inhibition|opens|chromatin,MATCHED
runtime-data,genetics,question,genetics-gene-regulation-eukaryotes-and-epigenetics-0004,content/genetics/questions/genetics-gene-regulation-eukaryotes-and-epigenetics-0004.json,gene-regulation-eukaryotes-and-epigenetics,promoter|methylation|silences,MATCHED
runtime-data,genetics,question,genetics-gene-regulation-eukaryotes-and-epigenetics-0005,content/genetics/questions/genetics-gene-regulation-eukaryotes-and-epigenetics-0005.json,gene-regulation-eukaryotes-and-epigenetics,dnmt1|maintenance|methylation,MATCHED
runtime-data,genetics,question,genetics-gene-regulation-eukaryotes-and-epigenetics-0006,content/genetics/questions/genetics-gene-regulation-eukaryotes-and-epigenetics-0006.json,gene-regulation-eukaryotes-and-epigenetics,imprinting|parent|origin,MATCHED
runtime-data,genetics,question,genetics-gene-regulation-eukaryotes-and-epigenetics-0007,content/genetics/questions/genetics-gene-regulation-eukaryotes-and-epigenetics-0007.json,gene-regulation-eukaryotes-and-epigenetics,ube3a|angelman|imprinting,MATCHED
runtime-data,genetics,question,genetics-gene-regulation-eukaryotes-and-epigenetics-0008,content/genetics/questions/genetics-gene-regulation-eukaryotes-and-epigenetics-0008.json,gene-regulation-eukaryotes-and-epigenetics,xist|cis|inactivation,MATCHED
runtime-data,genetics,question,genetics-gene-regulation-eukaryotes-and-epigenetics-0009,content/genetics/questions/genetics-gene-regulation-eukaryotes-and-epigenetics-0009.json,gene-regulation-eukaryotes-and-epigenetics,microrna|translation|block,MATCHED
runtime-data,genetics,question,genetics-gene-regulation-eukaryotes-and-epigenetics-0010,content/genetics/questions/genetics-gene-regulation-eukaryotes-and-epigenetics-0010.json,gene-regulation-eukaryotes-and-epigenetics,epigenetic|inheritance|definition,MATCHED
runtime-data,genetics,question,genetics-gene-regulation-eukaryotes-and-epigenetics-0011,content/genetics/questions/genetics-gene-regulation-eukaryotes-and-epigenetics-0011.json,gene-regulation-eukaryotes-and-epigenetics,microrna|target|site,MATCHED
runtime-data,genetics,question,genetics-gene-regulation-eukaryotes-and-epigenetics-0012,content/genetics/questions/genetics-gene-regulation-eukaryotes-and-epigenetics-0012.json,gene-regulation-eukaryotes-and-epigenetics,consumer|epigenetic|test|ethics,MATCHED
runtime-data,genetics,question,genetics-recombinant-dna-technology-and-biotechnology-0001,content/genetics/questions/genetics-recombinant-dna-technology-and-biotechnology-0001.json,recombinant-dna-technology-and-biotechnology,sticky|ends|versus|blunt,MATCHED
runtime-data,genetics,question,genetics-recombinant-dna-technology-and-biotechnology-0002,content/genetics/questions/genetics-recombinant-dna-technology-and-biotechnology-0002.json,recombinant-dna-technology-and-biotechnology,blue|white|screening|colonies,MATCHED
runtime-data,genetics,question,genetics-recombinant-dna-technology-and-biotechnology-0003,content/genetics/questions/genetics-recombinant-dna-technology-and-biotechnology-0003.json,recombinant-dna-technology-and-biotechnology,transformation|efficiency|calculation,MATCHED
runtime-data,genetics,question,genetics-recombinant-dna-technology-and-biotechnology-0004,content/genetics/questions/genetics-recombinant-dna-technology-and-biotechnology-0004.json,recombinant-dna-technology-and-biotechnology,pcr|annealing|step|temperature,MATCHED
runtime-data,genetics,question,genetics-recombinant-dna-technology-and-biotechnology-0005,content/genetics/questions/genetics-recombinant-dna-technology-and-biotechnology-0005.json,recombinant-dna-technology-and-biotechnology,southern|blot|two|band|pattern,MATCHED
runtime-data,genetics,question,genetics-recombinant-dna-technology-and-biotechnology-0006,content/genetics/questions/genetics-recombinant-dna-technology-and-biotechnology-0006.json,recombinant-dna-technology-and-biotechnology,cdna|versus|genomic|library,MATCHED
runtime-data,genetics,question,genetics-recombinant-dna-technology-and-biotechnology-0007,content/genetics/questions/genetics-recombinant-dna-technology-and-biotechnology-0007.json,recombinant-dna-technology-and-biotechnology,sanger|sequencing|read,MATCHED
runtime-data,genetics,question,genetics-recombinant-dna-technology-and-biotechnology-0008,content/genetics/questions/genetics-recombinant-dna-technology-and-biotechnology-0008.json,recombinant-dna-technology-and-biotechnology,crispr|guide|rna|targeting,MATCHED
runtime-data,genetics,question,genetics-recombinant-dna-technology-and-biotechnology-0009,content/genetics/questions/genetics-recombinant-dna-technology-and-biotechnology-0009.json,recombinant-dna-technology-and-biotechnology,which|blot|detects|rna,MATCHED
runtime-data,genetics,question,genetics-recombinant-dna-technology-and-biotechnology-0010,content/genetics/questions/genetics-recombinant-dna-technology-and-biotechnology-0010.json,recombinant-dna-technology-and-biotechnology,blue|colonies|ampicillin|plate,MATCHED
runtime-data,genetics,question,genetics-recombinant-dna-technology-and-biotechnology-0011,content/genetics/questions/genetics-recombinant-dna-technology-and-biotechnology-0011.json,recombinant-dna-technology-and-biotechnology,pcr|amplification|doubling,MATCHED
runtime-data,genetics,question,genetics-recombinant-dna-technology-and-biotechnology-0012,content/genetics/questions/genetics-recombinant-dna-technology-and-biotechnology-0012.json,recombinant-dna-technology-and-biotechnology,germline|editing|ethics,MATCHED
runtime-data,genetics,question,genetics-genomics-and-bioinformatics-0001,content/genetics/questions/genetics-genomics-and-bioinformatics-0001.json,genomics-and-bioinformatics,genome|assembly|step,MATCHED
runtime-data,genetics,question,genetics-genomics-and-bioinformatics-0002,content/genetics/questions/genetics-genomics-and-bioinformatics-0002.json,genomics-and-bioinformatics,identity|versus|similarity,MATCHED
runtime-data,genetics,question,genetics-genomics-and-bioinformatics-0003,content/genetics/questions/genetics-genomics-and-bioinformatics-0003.json,genomics-and-bioinformatics,blast|hit|functional|inference,MATCHED
runtime-data,genetics,question,genetics-genomics-and-bioinformatics-0004,content/genetics/questions/genetics-genomics-and-bioinformatics-0004.json,genomics-and-bioinformatics,percent|identity|calculation,MATCHED
runtime-data,genetics,question,genetics-genomics-and-bioinformatics-0005,content/genetics/questions/genetics-genomics-and-bioinformatics-0005.json,genomics-and-bioinformatics,variant|calling|transition|missense,MATCHED
runtime-data,genetics,question,genetics-genomics-and-bioinformatics-0006,content/genetics/questions/genetics-genomics-and-bioinformatics-0006.json,genomics-and-bioinformatics,chip|seq|technique|choice,MATCHED
runtime-data,genetics,question,genetics-genomics-and-bioinformatics-0007,content/genetics/questions/genetics-genomics-and-bioinformatics-0007.json,genomics-and-bioinformatics,rna|seq|tumor|normal|expression,MATCHED
runtime-data,genetics,question,genetics-genomics-and-bioinformatics-0008,content/genetics/questions/genetics-genomics-and-bioinformatics-0008.json,genomics-and-bioinformatics,two|color|microarray|readout,MATCHED
runtime-data,genetics,question,genetics-genomics-and-bioinformatics-0009,content/genetics/questions/genetics-genomics-and-bioinformatics-0009.json,genomics-and-bioinformatics,conserved|noncoding|sequence|function,MATCHED
runtime-data,genetics,question,genetics-genomics-and-bioinformatics-0010,content/genetics/questions/genetics-genomics-and-bioinformatics-0010.json,genomics-and-bioinformatics,pharmacogenomic|drug|enzyme|match,MATCHED
runtime-data,genetics,question,genetics-genomics-and-bioinformatics-0011,content/genetics/questions/genetics-genomics-and-bioinformatics-0011.json,genomics-and-bioinformatics,incidental|findings|ethics,MATCHED
runtime-data,genetics,question,genetics-genomics-and-bioinformatics-0012,content/genetics/questions/genetics-genomics-and-bioinformatics-0012.json,genomics-and-bioinformatics,open|reading|frame|annotation,MATCHED
runtime-data,genetics,question,genetics-population-genetics-and-evolution-0001,content/genetics/questions/genetics-population-genetics-and-evolution-0001.json,population-genetics-and-evolution,hardy|weinberg|genotype|frequencies,MATCHED
runtime-data,genetics,question,genetics-population-genetics-and-evolution-0002,content/genetics/questions/genetics-population-genetics-and-evolution-0002.json,population-genetics-and-evolution,allele|frequency|genotype|counts,MATCHED
runtime-data,genetics,question,genetics-population-genetics-and-evolution-0003,content/genetics/questions/genetics-population-genetics-and-evolution-0003.json,population-genetics-and-evolution,heterozygote|frequency|allele|frequencies,MATCHED
runtime-data,genetics,question,genetics-population-genetics-and-evolution-0004,content/genetics/questions/genetics-population-genetics-and-evolution-0004.json,population-genetics-and-evolution,conditions|hardy|weinberg|equilibrium,MATCHED
runtime-data,genetics,question,genetics-population-genetics-and-evolution-0005,content/genetics/questions/genetics-population-genetics-and-evolution-0005.json,population-genetics-and-evolution,lethal|recessive|cross|surviving|offspring,MATCHED
runtime-data,genetics,question,genetics-population-genetics-and-evolution-0006,content/genetics/questions/genetics-population-genetics-and-evolution-0006.json,population-genetics-and-evolution,heterozygote|advantage|sickle|cell|disease,MATCHED
runtime-data,genetics,question,genetics-population-genetics-and-evolution-0007,content/genetics/questions/genetics-population-genetics-and-evolution-0007.json,population-genetics-and-evolution,mutation|selection|balance|allele|frequency,MATCHED
runtime-data,genetics,question,genetics-population-genetics-and-evolution-0008,content/genetics/questions/genetics-population-genetics-and-evolution-0008.json,population-genetics-and-evolution,population|bottleneck|genetic|drift,MATCHED
runtime-data,genetics,question,genetics-population-genetics-and-evolution-0009,content/genetics/questions/genetics-population-genetics-and-evolution-0009.json,population-genetics-and-evolution,gene|flow|between|neighboring|populations,MATCHED
runtime-data,genetics,question,genetics-population-genetics-and-evolution-0010,content/genetics/questions/genetics-population-genetics-and-evolution-0010.json,population-genetics-and-evolution,inbreeding|coefficient|heterozygosity,MATCHED
runtime-data,genetics,question,genetics-population-genetics-and-evolution-0011,content/genetics/questions/genetics-population-genetics-and-evolution-0011.json,population-genetics-and-evolution,one|generation|selection|on|genotypes,MATCHED
runtime-data,genetics,question,genetics-population-genetics-and-evolution-0012,content/genetics/questions/genetics-population-genetics-and-evolution-0012.json,population-genetics-and-evolution,self|fertilization|reduces|heterozygosity,MATCHED
runtime-data,genetics,question,genetics-human-genetics-and-medical-applications-0001,content/genetics/questions/genetics-human-genetics-and-medical-applications-0001.json,human-genetics-and-medical-applications,cri|du|chat|karyotype|deletion,MATCHED
runtime-data,genetics,question,genetics-human-genetics-and-medical-applications-0002,content/genetics/questions/genetics-human-genetics-and-medical-applications-0002.json,human-genetics-and-medical-applications,klinefelter|syndrome|karyotype,MATCHED
runtime-data,genetics,question,genetics-human-genetics-and-medical-applications-0003,content/genetics/questions/genetics-human-genetics-and-medical-applications-0003.json,human-genetics-and-medical-applications,turner|syndrome|monosomy,MATCHED
runtime-data,genetics,question,genetics-human-genetics-and-medical-applications-0004,content/genetics/questions/genetics-human-genetics-and-medical-applications-0004.json,human-genetics-and-medical-applications,prenatal|diagnosis|procedures,MATCHED
runtime-data,genetics,question,genetics-human-genetics-and-medical-applications-0005,content/genetics/questions/genetics-human-genetics-and-medical-applications-0005.json,human-genetics-and-medical-applications,huntington|anticipation|mechanism,MATCHED
runtime-data,genetics,question,genetics-human-genetics-and-medical-applications-0006,content/genetics/questions/genetics-human-genetics-and-medical-applications-0006.json,human-genetics-and-medical-applications,cystic|fibrosis|recurrence|risk,MATCHED
runtime-data,genetics,question,genetics-human-genetics-and-medical-applications-0007,content/genetics/questions/genetics-human-genetics-and-medical-applications-0007.json,human-genetics-and-medical-applications,tay|sachs|sibling|carrier|probability,MATCHED
runtime-data,genetics,question,genetics-human-genetics-and-medical-applications-0008,content/genetics/questions/genetics-human-genetics-and-medical-applications-0008.json,human-genetics-and-medical-applications,hemophilia|linked|recurrence,MATCHED
runtime-data,genetics,question,genetics-human-genetics-and-medical-applications-0009,content/genetics/questions/genetics-human-genetics-and-medical-applications-0009.json,human-genetics-and-medical-applications,carrier|probability|bayes|update,MATCHED
runtime-data,genetics,question,genetics-human-genetics-and-medical-applications-0010,content/genetics/questions/genetics-human-genetics-and-medical-applications-0010.json,human-genetics-and-medical-applications,pharmacogenetics|thiopurine|metabolism,MATCHED
runtime-data,genetics,question,genetics-human-genetics-and-medical-applications-0011,content/genetics/questions/genetics-human-genetics-and-medical-applications-0011.json,human-genetics-and-medical-applications,hereditary|breast|ovarian|cancer,MATCHED
runtime-data,genetics,question,genetics-human-genetics-and-medical-applications-0012,content/genetics/questions/genetics-human-genetics-and-medical-applications-0012.json,human-genetics-and-medical-applications,ethics|testing|privacy,MATCHED
runtime-data,nclex-review,subject-summary,nclex-review,,,lessons=0|notes=0|questions=0|assets=0|tags=0,MATCHED
